order_id,supplier_id,material_id,quantity_kg,order_date,delivery_date,status
8e66bd10-919d-402c-a181-651afc08279f,ac192d90-59fc-48a9-b80e-17a893011d85,6b14fc1a-868d-4877-b397-78db8d874d82,771.14,2025-08-02,2025-10-07,Cancelled
7aa54d69-613d-43b8-b226-af0d3057d1bf,9185c23b-e357-4fd5-86a0-107aa68fca11,f5bda340-6056-4329-a853-f9fa55aa662a,485.86,2024-11-21,2025-06-23,Shipped
6d3fd713-dd0f-4b85-918c-6a4d3633703c,71b89c49-f8cb-4c93-b317-63bd23c98406,4413ceb9-0478-470b-8b28-243196213d2c,751.31,2025-04-29,2025-06-21,Delivered
cc50f06b-4ee7-44ef-9549-fdb267f0e8c4,caf9dde9-6c6a-4436-998b-06b0de722aca,af1b2e86-03c2-42de-af75-64a336ea8f8b,731.02,2024-12-04,2024-12-16,Shipped
78389241-a976-493e-a166-3ebc2a2032d6,84ff03bf-27e0-4ee3-885e-fdc477623a14,055161c7-68ed-425b-b505-9fd59e77185c,842.52,2025-05-16,2025-07-28,Cancelled
44e2f396-2afa-4a24-ad43-805eba106298,8f026340-2f38-494e-8bd4-1bbd8aa7a25f,57b3b9b0-c846-4d88-9f26-501c389f13f3,343.69,2024-10-08,2025-03-15,Shipped
4c694ed0-f731-4ee1-83dc-73cf5d33b029,b3c3fc35-2d60-4da8-b58e-28b4d08706dc,e6e19ce7-4c15-4052-8315-bc0dc7f63604,832.01,2025-07-27,2025-08-06,Cancelled
a81b9fe1-435d-4439-9050-5873e67e77c7,a055bb68-0dda-4b0f-81ad-de5bb3d7b451,2c5b37b4-5db0-44b5-befa-d4a9ba6c560e,475.49,2025-07-03,2025-08-03,Pending
31da4d26-dddc-47d6-8a9d-17c6b88f9880,e102c1e4-ca3d-454a-b904-c9202c073527,4bb22bd5-f45b-4c6d-8391-c0de6347f0b6,52.28,2025-09-23,2025-09-23,Cancelled
b0062827-3d97-42c6-aa03-acea74df1235,2701204d-1b4a-4674-91fa-1c435769553c,3515cb93-1c44-4b35-99a3-1cc49eac8973,207.62,2025-06-07,2025-10-23,Cancelled
7a707a51-1742-4901-8629-c1bcc8046b3c,7f87fe1a-d3d5-4a52-b3cd-47fd50df7a74,13ca30e7-a635-4d9c-b764-e9d0278d2259,916.04,2025-04-14,2025-09-29,Pending
9a1b87b7-3811-417f-b701-9f5ed6865a8c,b24a7ab1-7c88-4973-8f1c-3a72e89477c4,f5bda340-6056-4329-a853-f9fa55aa662a,226.84,2025-02-09,2025-10-22,Delivered
ac8a9f14-b169-4daa-899d-667a18583c06,dc45c5c1-c924-49a2-849c-3c90f9eb46ff,ae4f47a9-da9b-4bea-89da-9b7e8030d6d7,720.1,2025-08-02,2025-08-24,Delivered
071b6285-f2d7-4259-a17d-56194923c58e,601cf11f-7351-4792-adf8-0e38abd04518,91c983dc-c683-4c63-88bc-e43a43297ec3,378.79,2024-12-27,2025-06-30,Delivered
fe4df26c-86c3-4a34-bad4-1a8ce22ccd2d,bd5ce57f-e5d4-4b65-a1d4-63410159c05f,46888bd1-f24f-4a0d-8ad1-79ae98c8e300,835.6,2025-08-21,2025-10-16,Shipped
49770602-7a3d-4848-bb44-afb0698c9427,811d3524-de63-41d6-9fc7-e1c7dd7ba3b9,11ac33a3-6f07-47ff-9107-6a02524d0466,387.88,2024-09-29,2025-06-18,Cancelled
efd05c9b-58d0-4734-a5b9-a06b16842c6e,d36ba1c0-f2da-4a5c-a4c6-e2a3d0ba0df8,1fb5edb0-d65d-4378-9348-d5c0c6053153,306.62,2025-04-25,2025-07-26,Delivered
3731b268-d243-43b0-8640-b3894168da6b,84ff03bf-27e0-4ee3-885e-fdc477623a14,072aebf6-ac71-4c31-a1ef-a15011c73947,40.69,2024-11-26,2025-06-18,Shipped
122e9bba-8c46-4f83-958b-172232deade9,cf23c8da-b8ff-419c-b2e2-d22d2f8ccfe2,5b4a9d8b-9e1c-4298-ab0c-428e16cb1acd,969.47,2024-12-13,2024-12-18,Shipped
16dce98f-e88d-4205-8877-a06d2b349619,59bcb527-08fd-4d2c-9903-761f584eaf1a,d5794af0-f488-41ec-817c-5c4b6c962ea0,49.77,2025-04-30,2025-09-05,Cancelled
f4302c80-16b0-4fcd-a45c-6285f4c19ad0,bef9a089-eba3-421e-b9c7-d14529ed7e83,0f855279-d917-4f63-8f3b-b1917196bad7,276.61,2025-03-24,2025-05-26,Shipped
e55fb3f6-1af1-4af6-9708-cc23ad6b82b6,b6912b07-839f-41e4-86e0-0fa6d5cbefff,13ca30e7-a635-4d9c-b764-e9d0278d2259,823.31,2024-09-25,2025-02-10,Shipped
bc78958a-1ea5-4b6f-abb1-20eef101a663,71b89c49-f8cb-4c93-b317-63bd23c98406,f5bda340-6056-4329-a853-f9fa55aa662a,476.33,2025-07-29,2025-07-30,Pending
1b0333e8-23b8-48ba-a595-fbb3473145cb,03e04f36-83b4-4400-89ce-ee4f00501a04,d4c76546-d196-464f-b5a2-e38dfb27462b,161.73,2025-06-13,2025-07-15,Pending
413d1635-87ad-40af-9f1f-1d5adff7b4c7,71b89c49-f8cb-4c93-b317-63bd23c98406,f3a6ec3f-c85b-4e29-baa1-fc581817b468,478.21,2024-09-26,2025-05-16,Cancelled
8d672f9f-de9d-45f0-aba8-f63b613c37eb,88ff4f12-19b5-4d52-92e9-4405a06d469e,efad35c5-eecb-45e2-b27d-e3c2dfe6713c,907.13,2025-04-27,2025-04-30,Shipped
98224de1-5033-4175-aba7-704d81efa5ed,7f87fe1a-d3d5-4a52-b3cd-47fd50df7a74,1bc5b483-ac61-4a56-ba11-0738651be861,791.95,2025-08-19,2025-10-05,Delivered
719144ec-da06-4cc3-8ae4-45234bb88143,d36ba1c0-f2da-4a5c-a4c6-e2a3d0ba0df8,d3aa6c24-c14a-4a8a-a50b-d6e2ceafc058,454.57,2025-03-31,2025-06-11,Shipped
3744fa55-2714-4f21-9301-9b9999394e5e,4e4dedd0-6aa6-48a9-9688-733bb3644df8,0230b176-0a35-4e72-8cb8-54b8709e6207,161.93,2025-07-05,2025-08-30,Delivered
d6667011-f0d4-4a58-b636-76e665a4bdd6,41ddee90-032d-4aec-8b16-be24bb906c32,46888bd1-f24f-4a0d-8ad1-79ae98c8e300,489.47,2025-08-23,2025-10-04,Delivered
9cbdcb80-a2b0-44c9-9899-c76e0580e34b,270e9696-be2f-4cb5-94ea-9998996f86e2,8bf0ba74-b6d4-453e-aeeb-31b6bd619aba,959.1,2025-04-21,2025-04-29,Cancelled
2dec4b45-a181-41c1-869f-3c1993288e3e,caef2dbe-c796-42c0-8860-08d7cecaadd3,8bf0ba74-b6d4-453e-aeeb-31b6bd619aba,382.65,2025-04-19,2025-05-23,Delivered
e6076659-0e54-46db-8393-3efadde70ad5,8d1c6428-688f-46a0-a603-2183b034cc66,21638be6-b1a9-423d-a013-a6195d664337,248.83,2025-02-11,2025-08-21,Pending
6c77718e-8fe3-4a29-8a2d-56f4b7de9029,41ddee90-032d-4aec-8b16-be24bb906c32,c8a224b2-0e60-4925-b576-02749c291781,444.41,2024-10-09,2025-01-04,Delivered
0cdb36af-3638-4a61-b78e-e35c5d3a51f2,54173c79-a7e7-4f74-a3ce-0bc8ce851ca1,8bf0ba74-b6d4-453e-aeeb-31b6bd619aba,308.45,2025-07-20,2025-10-08,Shipped
9c431c53-5196-4c7e-970c-5951a8383cc4,d67acfae-9273-422c-93e5-6a353dfc0b57,5049903f-62c7-4206-896d-90f4fa586fca,930.45,2024-12-08,2025-03-31,Pending
4a4d3502-dffe-4c2a-932c-c7a6bd9f3168,78e8a29b-6e93-4863-9739-6024551d8776,6826ab49-34d4-4093-99e9-47f6689718f3,783.74,2024-10-17,2024-12-26,Delivered
17c8aacf-41f4-4c85-9a48-4e861ab3c1fa,88ff4f12-19b5-4d52-92e9-4405a06d469e,8bf0ba74-b6d4-453e-aeeb-31b6bd619aba,524.89,2025-08-14,2025-10-02,Shipped
30d486c1-9250-40ae-8bd3-114297838dc9,bd5ce57f-e5d4-4b65-a1d4-63410159c05f,382eaf1e-91c2-4913-8972-83a023dd177e,784.88,2024-10-13,2025-09-02,Cancelled
8d76fa4d-ee95-4937-bce0-1d80f2448898,8f026340-2f38-494e-8bd4-1bbd8aa7a25f,f49103af-a9e5-40fe-9d18-dfe0a3f77046,710.5,2024-10-25,2025-08-04,Delivered
4da062c9-5954-4c2b-8554-a76cf6c0b5a4,a23c3599-5130-4d6e-9a35-2c49354f4f04,0e7a1320-fb95-4c32-a29a-fcd9984b0959,725.28,2024-10-24,2024-12-20,Pending
b16e58a8-4a7f-45b0-85b8-43fed9aafed3,8d1c6428-688f-46a0-a603-2183b034cc66,d6d943dc-2742-4ea0-a815-c5343454717c,228.75,2025-05-02,2025-05-16,Delivered
5a9df21d-456a-4788-a579-84bea0abf023,78e8a29b-6e93-4863-9739-6024551d8776,378d095f-2aa1-48ba-95bf-893428b42648,410.99,2025-05-05,2025-06-19,Delivered
212f46b6-e619-4ebc-83ea-77384b6582f1,d67acfae-9273-422c-93e5-6a353dfc0b57,efad35c5-eecb-45e2-b27d-e3c2dfe6713c,730.35,2025-03-01,2025-04-25,Cancelled
ae6dd341-be26-48f5-83c3-0301fe47db4f,2701204d-1b4a-4674-91fa-1c435769553c,8668c194-17c7-4c7b-bf35-e19bb9e55c79,714.68,2025-07-22,2025-08-28,Cancelled
e53d066e-1baf-4770-ac52-990bae75ae22,a055bb68-0dda-4b0f-81ad-de5bb3d7b451,6396d82e-28dd-453e-9359-e3a39ca1c56d,436.65,2024-10-05,2025-03-13,Cancelled
06a51d79-1a2a-49a9-8672-129cc6133d4a,78e8a29b-6e93-4863-9739-6024551d8776,f919b88f-e6a8-4469-b227-44703a44d526,73.2,2024-11-16,2025-09-11,Delivered
31555fe2-9da9-4002-b864-ea5db84ef254,caf9dde9-6c6a-4436-998b-06b0de722aca,d5794af0-f488-41ec-817c-5c4b6c962ea0,85.75,2025-07-28,2025-08-26,Delivered
d1354a73-09ee-4599-bf48-bbe970f8185d,a055bb68-0dda-4b0f-81ad-de5bb3d7b451,a97ed580-93f8-42f3-9c67-03221da784bc,382.55,2025-08-14,2025-08-14,Shipped
0c94deed-3707-408f-b85c-de7cbc73c460,1a5ada38-869d-4702-923e-84971005e018,d69e1c44-1a59-4ff4-8cce-850087cecc48,471.3,2024-11-15,2025-07-30,Delivered
aa0cb400-c1ee-41a4-bf76-902b7a20482e,b7b14e29-5f86-4dc3-8ef9-f7bbc3d530c3,5b4a9d8b-9e1c-4298-ab0c-428e16cb1acd,67.5,2024-10-01,2025-03-11,Delivered
76c48d43-9609-4e89-babe-de71d40d8131,2701204d-1b4a-4674-91fa-1c435769553c,060c180e-fac0-4cb2-8163-a4ed5cf0d5a1,359.8,2025-04-29,2025-06-28,Pending
91099aa1-6acd-418e-9ba4-700fea8f322d,6b8fff38-8a2d-4922-99f3-82a0eafb1d87,abd7ddf2-f756-4133-b180-6864fdebfc68,923.95,2024-09-27,2025-09-01,Cancelled
2b377ae7-7fc4-412b-a632-233cd393a27e,22ade201-396d-4167-8b18-6f828a4c5345,dc99ad98-bdbc-440b-8ebd-fd8920e20715,460.69,2024-12-29,2025-08-30,Pending
8aaa837b-3a49-424f-89f5-8f887ac488bc,b3c3fc35-2d60-4da8-b58e-28b4d08706dc,4c32bcd5-c032-4805-be72-745a80fc1b3e,315.83,2025-04-22,2025-10-12,Shipped
b0a480da-fb6c-4b53-a111-ad41eca714c9,b24a7ab1-7c88-4973-8f1c-3a72e89477c4,5ead8e8c-da7a-427c-aa4c-25b47a0f2793,899.61,2024-11-01,2025-07-24,Shipped
1d01c993-2d46-42af-9d62-c835eb15ef90,d67acfae-9273-422c-93e5-6a353dfc0b57,d6d943dc-2742-4ea0-a815-c5343454717c,766.55,2025-08-02,2025-10-18,Shipped
eaed39e7-5713-4e17-97b5-cd847d9be170,e102c1e4-ca3d-454a-b904-c9202c073527,46888bd1-f24f-4a0d-8ad1-79ae98c8e300,150.11,2025-07-29,2025-09-08,Shipped
ef0c3616-6e2d-4281-966f-a568d3ad2bc9,22ade201-396d-4167-8b18-6f828a4c5345,729f77ca-519f-4ad4-a078-21189644980a,110.33,2024-10-21,2025-07-18,Cancelled
f5499b41-c51c-4663-abf6-d0cdbae3460c,d67acfae-9273-422c-93e5-6a353dfc0b57,c02510e8-7534-4bbb-a4b9-6887e10758aa,190.66,2025-05-22,2025-06-23,Delivered
da764d47-b0c1-4e0b-ba3e-142ef658e6dd,dd2f2249-1c1a-4155-b075-0a66c81c220b,95b47041-a064-4ac4-92d3-99a7af570ac2,360.26,2025-03-16,2025-04-28,Pending
f92047ee-8f35-479a-9cc3-379241dd829f,fdfabe8d-91ba-4e3e-85c2-ef73c550fec6,b823f4f9-eeab-4f9e-b859-938b4ea10e6b,311.99,2025-07-25,2025-10-18,Delivered
94b38001-2079-4dd6-9663-760ac4b8a26f,a23c3599-5130-4d6e-9a35-2c49354f4f04,11ac33a3-6f07-47ff-9107-6a02524d0466,642.97,2025-07-23,2025-10-19,Delivered
f8aa3802-beb5-4b88-9b6d-d980fba399ed,6b8fff38-8a2d-4922-99f3-82a0eafb1d87,f7fc37b6-a24e-415f-9a74-8e54bb187a5d,632.32,2025-05-06,2025-05-08,Delivered
c3a9e2a1-c794-4554-9a29-19b7094ec342,8f026340-2f38-494e-8bd4-1bbd8aa7a25f,df9b113e-45c5-40ff-b783-6adeee74a9f1,268.06,2025-05-08,2025-09-28,Delivered
8a69b43b-2196-4449-b08d-52e4d6675d2d,03e04f36-83b4-4400-89ce-ee4f00501a04,c4d32844-78dc-4c19-aa10-8c8ff27444e6,351.9,2024-12-22,2025-01-17,Cancelled
5989b16f-9c66-4b5a-b1ca-35177d6fa063,270e9696-be2f-4cb5-94ea-9998996f86e2,17cdc144-7478-47bc-bf05-91d9702c766f,579.78,2024-11-20,2025-10-02,Delivered
4a71db8b-82c6-4534-9b9f-0080101ec546,71b89c49-f8cb-4c93-b317-63bd23c98406,70b4325a-3ebc-49ef-b77f-c860afb863b3,738.97,2025-05-28,2025-07-02,Delivered
aebac665-e553-4720-8fc2-bb6839b0408f,4437521a-e679-4882-b51e-8b7313f77025,1b8944e6-e34a-4f59-bf62-74aaabb3294c,14.85,2025-01-04,2025-03-03,Shipped
a8045b63-e566-4ca5-a312-c87e2a339e3a,dd2f2249-1c1a-4155-b075-0a66c81c220b,58319c1c-b5a0-41e8-ab41-60067027ff8c,395.34,2025-03-12,2025-07-27,Delivered
359f7938-dcca-4c1b-821f-571b356e09c0,5dfde931-5e5f-4793-b470-e5570ea61dd0,fbb6d0f9-30e1-464d-8e10-1bf6621f9506,103.52,2024-11-14,2024-11-27,Pending
4e331967-440a-4887-bfac-e8b68a99fc74,c5c72eb6-2d82-449f-8bbb-75822019b959,4f843490-e572-4580-abf2-e3011f2dedda,930.46,2025-03-25,2025-06-02,Cancelled
d8a13cd9-a2e1-45bc-ac70-36d9c1831146,caef2dbe-c796-42c0-8860-08d7cecaadd3,d5794af0-f488-41ec-817c-5c4b6c962ea0,373.38,2024-10-24,2025-06-21,Shipped
07d62b2f-0199-4a27-8113-2cb1e27aa5a5,4e4dedd0-6aa6-48a9-9688-733bb3644df8,c0ecefef-94cd-475e-82a5-a10bbfcdc870,684.62,2025-03-17,2025-10-01,Pending
e4dc19f3-b66a-4f65-963d-ce511cabc7af,b3c3fc35-2d60-4da8-b58e-28b4d08706dc,de2de473-a7a8-4750-9924-36118b2a2c84,163.7,2025-02-05,2025-04-08,Pending
cfd625ba-a958-427c-b2aa-3569e13f57f0,8f026340-2f38-494e-8bd4-1bbd8aa7a25f,060c180e-fac0-4cb2-8163-a4ed5cf0d5a1,146.78,2025-08-22,2025-09-10,Delivered
8afb5599-f401-43ed-b853-898fba0527fb,dc45c5c1-c924-49a2-849c-3c90f9eb46ff,5cf25385-8e0d-4bbb-9266-217bb375cb83,172.65,2025-05-22,2025-05-22,Cancelled
a3c93b3b-bb7c-42a1-b98f-f3d63b0552f8,cf23c8da-b8ff-419c-b2e2-d22d2f8ccfe2,58d2b8d1-74fa-4649-ad01-525a39883c8a,537.83,2024-11-16,2025-08-20,Shipped
4228a822-d5f7-4048-9680-16dc57761c84,b24a7ab1-7c88-4973-8f1c-3a72e89477c4,70e36ba6-c7b2-4b22-b7ce-bcaf68a8b345,865.53,2025-01-07,2025-06-23,Pending
62d18956-468d-4661-8164-c4c5693f9c22,d36ba1c0-f2da-4a5c-a4c6-e2a3d0ba0df8,ed402f07-5f9f-4594-88d8-9dc7a861a8f2,711.0,2025-02-02,2025-09-06,Pending
848a7d66-fe6a-4f6c-b36b-f3ca75ed7fb5,ac192d90-59fc-48a9-b80e-17a893011d85,ed402f07-5f9f-4594-88d8-9dc7a861a8f2,373.77,2025-07-13,2025-08-24,Delivered
2553c920-28d7-483a-b835-764aefa249ad,78e8a29b-6e93-4863-9739-6024551d8776,251a52f9-6654-4939-8b61-76e086917b7c,548.46,2024-11-11,2025-03-01,Pending
89aee18b-1eee-40e4-bf73-cf6fbea350c5,bc77ddcb-3258-4c06-9f0e-0880a1dca044,e8194282-3924-47c0-9407-a6bfa0aa69e6,938.09,2025-01-11,2025-09-16,Shipped
210fd66e-91cc-400d-9494-b355e2b95fee,8d1c6428-688f-46a0-a603-2183b034cc66,ee4bf292-47ec-4c97-a3ea-a5709c817dfb,602.58,2025-03-18,2025-04-22,Pending
2a1b119a-0df1-4853-b544-f9188ad8baca,c5c72eb6-2d82-449f-8bbb-75822019b959,c4c2acca-b10a-4cb7-9021-aa0630b0471e,50.96,2025-04-10,2025-09-17,Shipped
1e5dce6a-46f2-422a-b572-c9aa9184a9b2,b7b14e29-5f86-4dc3-8ef9-f7bbc3d530c3,f1469220-9647-4be6-95f9-4ec89d462208,205.0,2025-09-02,2025-09-04,Cancelled
7df56bf3-5a82-4af1-a076-3c43f7d07da2,54173c79-a7e7-4f74-a3ce-0bc8ce851ca1,5579d5cb-83c9-427c-b068-549f12dc13fb,607.48,2024-12-20,2024-12-20,Cancelled
412ac746-0141-4428-a608-f142fb2a9869,c0b3cb94-33aa-44a3-8fb0-9429c44cdd8b,5b4a9d8b-9e1c-4298-ab0c-428e16cb1acd,160.33,2025-04-04,2025-08-05,Delivered
1a50e468-7a81-476a-bd38-9b9e24d99f1d,78e8a29b-6e93-4863-9739-6024551d8776,d6d943dc-2742-4ea0-a815-c5343454717c,69.64,2025-05-01,2025-07-31,Cancelled
28478158-92d5-4d9e-a933-acd61abe87e7,b3c3fc35-2d60-4da8-b58e-28b4d08706dc,abd7ddf2-f756-4133-b180-6864fdebfc68,742.77,2024-11-06,2025-02-12,Cancelled
2912bbde-2fb4-450f-8e5d-f3ad87b0447e,8f026340-2f38-494e-8bd4-1bbd8aa7a25f,29cbb049-f81c-4447-931d-dc5dbe188bbc,578.8,2025-04-16,2025-06-08,Pending
539e30ae-56ad-4739-83ef-779aaa1260e5,dc45c5c1-c924-49a2-849c-3c90f9eb46ff,43806974-65c8-46d2-a974-04715488396e,337.94,2024-10-06,2025-05-27,Pending
fd711a84-503e-4c8f-8f77-4318eda93a70,b24a7ab1-7c88-4973-8f1c-3a72e89477c4,11ac33a3-6f07-47ff-9107-6a02524d0466,12.89,2025-07-03,2025-10-15,Pending
aab32d6e-855a-46f8-80ac-ebc8c299c6df,d36ba1c0-f2da-4a5c-a4c6-e2a3d0ba0df8,58319c1c-b5a0-41e8-ab41-60067027ff8c,637.22,2024-12-04,2025-02-06,Cancelled
62a9ce2c-ad18-480b-b615-af5ba5f9408f,b3c3fc35-2d60-4da8-b58e-28b4d08706dc,f65fd0cc-539f-45ca-9ecc-4769801e37c9,892.64,2025-04-02,2025-09-17,Pending
8acf0483-f3f7-4df4-b115-3a2c153a169c,5dfde931-5e5f-4793-b470-e5570ea61dd0,43806974-65c8-46d2-a974-04715488396e,844.74,2024-10-29,2025-05-11,Pending
867c7deb-c7ee-4331-8c93-6044d668b185,5dfde931-5e5f-4793-b470-e5570ea61dd0,1012f424-0eb8-4b4b-a70f-00d3a5107ee5,171.29,2025-09-05,2025-10-05,Shipped
1ada4c49-45c9-4156-929a-4f5de79fc1c8,4e4dedd0-6aa6-48a9-9688-733bb3644df8,a4264ed9-c68c-42f2-9051-bf0adf11d370,71.86,2024-10-29,2025-05-17,Delivered
fa0af361-b455-483f-8b09-0ea1443dfa6b,54173c79-a7e7-4f74-a3ce-0bc8ce851ca1,18b0e227-4c0a-43fd-94f6-226f7eb4b109,941.0,2025-06-28,2025-07-04,Delivered
e1c252d7-86e9-439e-aee0-658bcc02cf21,e102c1e4-ca3d-454a-b904-c9202c073527,10a04bd8-92c5-4c5b-9669-a4344816b85f,296.02,2024-12-22,2025-04-12,Pending
1e51a47c-2c45-4015-ad94-b8834941327b,71b89c49-f8cb-4c93-b317-63bd23c98406,c8a224b2-0e60-4925-b576-02749c291781,895.49,2025-01-18,2025-08-12,Cancelled
9298f04b-4296-4f6b-bdf5-ce461e4121ff,5dfde931-5e5f-4793-b470-e5570ea61dd0,5f522b01-c283-4e37-9c0d-8a9d0e5a8cdf,674.11,2025-03-06,2025-03-06,Cancelled
9ca337f8-256d-4a79-9315-e9a1ebfc3bc0,dd2f2249-1c1a-4155-b075-0a66c81c220b,29cbb049-f81c-4447-931d-dc5dbe188bbc,719.26,2025-06-17,2025-08-09,Pending
3c752edf-ad97-42fb-a731-ce3f0deab144,4e4dedd0-6aa6-48a9-9688-733bb3644df8,743b261b-776d-45ef-8547-235f7914129e,507.89,2024-11-05,2025-08-14,Cancelled
2397e10c-0a5d-4f4a-b92d-6056700b4b33,8f026340-2f38-494e-8bd4-1bbd8aa7a25f,5049903f-62c7-4206-896d-90f4fa586fca,760.02,2025-05-19,2025-08-18,Pending
3a8671cf-51f5-4dcd-93b5-b48ddb02cf13,a23c3599-5130-4d6e-9a35-2c49354f4f04,a97ed580-93f8-42f3-9c67-03221da784bc,695.01,2024-10-19,2025-01-14,Delivered
0327abc2-1a01-436e-8f09-a14f99a66388,270e9696-be2f-4cb5-94ea-9998996f86e2,58319c1c-b5a0-41e8-ab41-60067027ff8c,329.15,2025-08-01,2025-08-24,Shipped
33e2a44e-fb22-45d5-bb33-19ee52b3ab7d,dc45c5c1-c924-49a2-849c-3c90f9eb46ff,6690b64f-68ce-4909-afbc-d1b1abf8cdc6,984.95,2025-08-03,2025-10-02,Shipped
31465e4a-73ff-4975-afc5-877679a94211,71b89c49-f8cb-4c93-b317-63bd23c98406,41bc09cc-e30f-434a-ae5e-0dfd642e2163,643.6,2024-11-18,2025-05-11,Shipped
49842b8c-2a2d-4982-81b5-479761f0e077,b24a7ab1-7c88-4973-8f1c-3a72e89477c4,91c983dc-c683-4c63-88bc-e43a43297ec3,626.83,2025-03-11,2025-04-13,Pending
732134e6-a050-493f-9325-4baf0dcc7c33,9185c23b-e357-4fd5-86a0-107aa68fca11,5ead8e8c-da7a-427c-aa4c-25b47a0f2793,651.89,2025-07-06,2025-10-05,Shipped
229bec2e-9296-4e57-bda9-2e6fe6ca6ff3,7f87fe1a-d3d5-4a52-b3cd-47fd50df7a74,57096839-d14c-41ee-951b-66d6cb71af84,246.06,2024-11-09,2025-02-20,Shipped
616caa09-d3f8-4830-8e1a-402e88cf5842,bef9a089-eba3-421e-b9c7-d14529ed7e83,f95495b0-f546-47f4-b5d8-de5ba8d3a561,194.79,2025-01-11,2025-02-16,Delivered
c7926a94-e4a6-48eb-9192-51cf90d30e24,54173c79-a7e7-4f74-a3ce-0bc8ce851ca1,f3cea09b-80c7-457e-b1a3-5c1a6df41451,475.79,2025-06-23,2025-08-03,Cancelled
232c9784-fb5d-4ffc-8f86-c4ba805a88a1,8d1c6428-688f-46a0-a603-2183b034cc66,ea5c5523-35f4-4c15-bacc-16d9acf6347f,267.55,2024-12-05,2025-09-16,Shipped
dce59f98-72c0-402b-a765-ca6fe0393fd9,fdfabe8d-91ba-4e3e-85c2-ef73c550fec6,4b252b77-9c2c-4399-8710-41524d39be66,61.47,2025-03-21,2025-09-22,Shipped
4521bc46-a932-4c37-a513-5a1d1741f831,0c4e45ba-ca8c-4473-ba66-c17bbdd102a8,bc29638d-04c7-4588-960b-6e5a1a8e1566,320.73,2025-07-23,2025-10-02,Pending
4e5367f3-006c-4aa5-afad-d709edc44300,601cf11f-7351-4792-adf8-0e38abd04518,69327c69-2907-4803-adfa-6568d5fdd7cf,64.44,2024-11-24,2025-08-15,Cancelled
f3403d70-49d2-45c8-b666-f18de373311a,8d1c6428-688f-46a0-a603-2183b034cc66,6690b64f-68ce-4909-afbc-d1b1abf8cdc6,791.54,2025-06-14,2025-10-05,Cancelled
2963a63a-ec9c-4df8-8e05-c0fdf84f98fb,bd5ce57f-e5d4-4b65-a1d4-63410159c05f,2c794151-eed1-428a-93e1-c567903df6f4,120.48,2025-05-28,2025-08-27,Cancelled
24c31ca5-a5a3-4ce8-bfff-b9ed252e8b30,ac192d90-59fc-48a9-b80e-17a893011d85,f95495b0-f546-47f4-b5d8-de5ba8d3a561,634.42,2025-01-21,2025-03-13,Pending
e1672661-7f39-46aa-a203-be67db7a003d,8d1c6428-688f-46a0-a603-2183b034cc66,ae827af0-a737-4ddc-a578-df4dfd8faa68,250.04,2025-05-10,2025-07-28,Pending
3f370937-63b8-437d-9013-e63dda9a46ed,601cf11f-7351-4792-adf8-0e38abd04518,85cb0d59-b629-4312-ad38-73d241c7c06b,637.09,2024-12-25,2025-06-28,Cancelled
701fd567-5f4d-42f6-aa84-f6576e31bc6e,7f87fe1a-d3d5-4a52-b3cd-47fd50df7a74,21638be6-b1a9-423d-a013-a6195d664337,446.47,2025-01-07,2025-04-30,Shipped
a7e281af-0797-49a0-be78-1fcad0c86551,7f87fe1a-d3d5-4a52-b3cd-47fd50df7a74,af840bf3-ece4-40aa-9b90-a8aa61418111,354.38,2025-07-21,2025-10-02,Shipped
cb48346b-e473-476d-8def-a623c62477d4,0404f247-a633-4d99-94fb-577a3e3b6761,c8463e77-9947-4efe-8e41-b71cbf55555c,791.52,2024-10-13,2025-09-11,Pending
91bdb0b7-a571-4801-9990-1de72453cbcc,caf9dde9-6c6a-4436-998b-06b0de722aca,7968e8a8-ea7e-420e-a1eb-a5eb3c3838e5,51.17,2025-01-08,2025-03-06,Pending
2338c46a-978f-400e-8a32-06e1f031d88b,b7b14e29-5f86-4dc3-8ef9-f7bbc3d530c3,dc99ad98-bdbc-440b-8ebd-fd8920e20715,715.02,2025-04-10,2025-06-01,Shipped
cf3f834e-b752-483f-9488-827eaaa7a189,601cf11f-7351-4792-adf8-0e38abd04518,09c6d6bf-0ff5-4401-b9f8-96328edc1c8c,322.42,2025-03-28,2025-05-10,Delivered
79af8cb1-4239-4f68-9181-674cbb26bc40,bd5ce57f-e5d4-4b65-a1d4-63410159c05f,43806974-65c8-46d2-a974-04715488396e,709.04,2025-07-23,2025-07-29,Delivered
1db630e1-ac0d-4fd2-af43-884b5d421e16,a055bb68-0dda-4b0f-81ad-de5bb3d7b451,5579d5cb-83c9-427c-b068-549f12dc13fb,420.28,2025-04-01,2025-05-17,Cancelled
c86f2d5e-b2e9-4e1d-9b5b-927a48ff12e7,bc77ddcb-3258-4c06-9f0e-0880a1dca044,af840bf3-ece4-40aa-9b90-a8aa61418111,948.08,2025-03-08,2025-05-02,Cancelled
ad75187c-61e4-4490-8b46-4f47ceb383b0,59bcb527-08fd-4d2c-9903-761f584eaf1a,2a3ccf29-7fff-48be-8a6c-a4eae4ef140d,991.89,2025-05-17,2025-07-19,Shipped
c73dfe85-72d9-4c7b-9173-16c2c6acff4f,41ddee90-032d-4aec-8b16-be24bb906c32,4e7c1180-1bc2-499c-9737-a2c0fdbef3ad,626.34,2025-05-22,2025-10-23,Pending
98b1f3a9-951b-4a6f-bca9-66a808a1f380,bd5ce57f-e5d4-4b65-a1d4-63410159c05f,f919b88f-e6a8-4469-b227-44703a44d526,592.78,2025-03-30,2025-05-14,Delivered
02627152-2861-4b74-8e09-fefa1c3680da,6b8fff38-8a2d-4922-99f3-82a0eafb1d87,6949f4d6-78ad-4a32-95dc-8321d4526e1c,334.01,2024-12-29,2025-06-05,Delivered
d907360d-2a39-45db-afe4-164762633db0,5dfde931-5e5f-4793-b470-e5570ea61dd0,57b3b9b0-c846-4d88-9f26-501c389f13f3,788.0,2025-07-18,2025-09-09,Delivered
b7cacb38-0886-489f-9227-f6ec3a02314e,4437521a-e679-4882-b51e-8b7313f77025,dc99ad98-bdbc-440b-8ebd-fd8920e20715,779.28,2025-09-15,2025-10-16,Delivered
25d701eb-ee6a-47b7-9797-d016cc8099e5,dd2f2249-1c1a-4155-b075-0a66c81c220b,85b99c96-bfbc-4a81-a5fb-558c2f4a2ef8,597.71,2025-04-22,2025-08-22,Shipped
bd8e2144-cb61-4ef0-850b-c0525b411d44,bef9a089-eba3-421e-b9c7-d14529ed7e83,23477557-39a0-488c-ba27-44017dfe100e,937.82,2025-07-18,2025-08-07,Delivered
2a00306d-0de5-4147-b70d-c89afd0267ea,5dfde931-5e5f-4793-b470-e5570ea61dd0,c02510e8-7534-4bbb-a4b9-6887e10758aa,132.28,2024-10-23,2025-06-26,Pending
68be1428-f3ae-441e-b8bc-07e43018401e,d67acfae-9273-422c-93e5-6a353dfc0b57,efad35c5-eecb-45e2-b27d-e3c2dfe6713c,877.05,2025-03-27,2025-09-17,Cancelled
ac319787-5071-491f-a32f-03c8e347adab,e102c1e4-ca3d-454a-b904-c9202c073527,1e5d166a-a1d3-4e2a-bbe7-288a697d547b,756.03,2025-02-01,2025-07-10,Delivered
14b7483e-1e12-419a-8930-34deaa3e4b9f,61bc789b-8cdf-4f37-a19f-2a879655f655,060c180e-fac0-4cb2-8163-a4ed5cf0d5a1,582.54,2025-04-08,2025-04-17,Cancelled
8d9fd606-9453-46a2-95bb-06cac77c2b10,dc45c5c1-c924-49a2-849c-3c90f9eb46ff,b3ecdf62-ce1a-488c-b4f3-6e5714db97d7,251.12,2025-03-01,2025-06-23,Cancelled
5ba231fa-331e-4801-8da9-9fcef83aad3e,aba3e4e6-07b1-4537-8713-81827ab2a985,b3ecdf62-ce1a-488c-b4f3-6e5714db97d7,121.09,2025-01-07,2025-02-05,Pending
e8bbc7e0-45b2-4130-b145-6c41a5b061c6,b3c3fc35-2d60-4da8-b58e-28b4d08706dc,57b3b9b0-c846-4d88-9f26-501c389f13f3,208.65,2025-09-01,2025-09-16,Shipped
4f6abea6-a726-4a16-8eab-b5b10ef53683,b3c3fc35-2d60-4da8-b58e-28b4d08706dc,378d095f-2aa1-48ba-95bf-893428b42648,902.08,2025-02-22,2025-02-26,Cancelled
45268c09-e53b-4494-8d70-7b926be5131b,e102c1e4-ca3d-454a-b904-c9202c073527,f1469220-9647-4be6-95f9-4ec89d462208,276.64,2025-05-19,2025-09-30,Shipped
71a6fd64-c5a3-4001-ab6d-be0888afbdeb,9185c23b-e357-4fd5-86a0-107aa68fca11,19f9c578-10e8-463d-bf6f-597e70ca1ce0,984.46,2025-02-17,2025-08-20,Cancelled
2e7d59e7-3f4d-40f4-b576-e4ebe9fbc348,ebc3a61c-1df0-4ee2-8648-9edce01f087d,5b4a9d8b-9e1c-4298-ab0c-428e16cb1acd,555.58,2025-05-03,2025-08-22,Pending
1b237e66-af88-4d7e-8088-440145e419f5,b24a7ab1-7c88-4973-8f1c-3a72e89477c4,bc29638d-04c7-4588-960b-6e5a1a8e1566,545.54,2025-04-19,2025-10-07,Shipped
7350560b-5315-4f04-a3d2-537d70e70791,88ff4f12-19b5-4d52-92e9-4405a06d469e,ae827af0-a737-4ddc-a578-df4dfd8faa68,731.45,2025-01-08,2025-03-11,Pending
4e11fb38-61ea-4150-87f1-9ff9084febaf,e102c1e4-ca3d-454a-b904-c9202c073527,2a3ccf29-7fff-48be-8a6c-a4eae4ef140d,827.5,2025-02-27,2025-09-24,Pending
23c5c69e-dc9b-4042-a4d2-3606abcd36eb,cf23c8da-b8ff-419c-b2e2-d22d2f8ccfe2,13ca30e7-a635-4d9c-b764-e9d0278d2259,839.4,2025-07-29,2025-08-07,Cancelled
03ab06bf-46d5-4bb5-a7a9-1f737d1b7931,1a5ada38-869d-4702-923e-84971005e018,1ca06e94-2f67-4c72-b92f-bb48e4aaf90a,365.19,2025-08-01,2025-10-13,Delivered
8b91a2d1-5074-40f8-b4ef-73552204e90b,db1fa7c6-cf16-40c7-aa0c-40ddb1f446fb,23477557-39a0-488c-ba27-44017dfe100e,504.3,2024-10-26,2025-01-19,Cancelled
3443006e-3a85-4993-9ccc-f15f8a0f7299,d67acfae-9273-422c-93e5-6a353dfc0b57,61cb77cb-b01d-4f50-a696-2214ce109bca,933.42,2025-02-13,2025-03-05,Shipped
b4613549-1e24-40d3-854c-d3bbb7303ce7,dc45c5c1-c924-49a2-849c-3c90f9eb46ff,d11952d4-8b17-46d9-a6b7-f7508f33ae19,674.31,2025-07-14,2025-07-28,Cancelled
8d908223-33e0-4172-a134-08a539899c39,4e4dedd0-6aa6-48a9-9688-733bb3644df8,4e7c1180-1bc2-499c-9737-a2c0fdbef3ad,210.35,2025-07-23,2025-08-17,Delivered
004b06cf-07f7-40e2-a075-a108ff186ae5,d67acfae-9273-422c-93e5-6a353dfc0b57,95863774-58ea-4f53-805d-87801200b6d9,520.94,2025-01-29,2025-05-06,Delivered
850538e4-162d-4ffe-a21d-56d446435f3d,dc45c5c1-c924-49a2-849c-3c90f9eb46ff,251a52f9-6654-4939-8b61-76e086917b7c,706.46,2024-11-04,2025-08-08,Shipped
ddebdd05-eb7b-4e89-8dfb-a089d5939fae,41ddee90-032d-4aec-8b16-be24bb906c32,13ca30e7-a635-4d9c-b764-e9d0278d2259,568.53,2025-07-25,2025-07-31,Pending
030d3205-45f2-4e95-8db7-ffefa4778a8c,b24a7ab1-7c88-4973-8f1c-3a72e89477c4,35b0d24a-a1ea-44fb-991b-18e7b39f8e55,57.02,2024-09-23,2025-01-21,Pending
01e42a73-5e89-4640-90d6-70dfd6f42ab0,4437521a-e679-4882-b51e-8b7313f77025,1b03ba05-7e99-4b29-9b91-060e54b540a2,280.15,2025-02-26,2025-06-04,Delivered
eeeeed80-0f11-4da2-aac0-b4811c959310,3008961b-2af3-4910-9741-ac2d84b9ffaf,060c180e-fac0-4cb2-8163-a4ed5cf0d5a1,12.57,2024-11-23,2025-02-26,Cancelled
e5e8ba11-733f-440f-b48c-9670adf759cb,61bc789b-8cdf-4f37-a19f-2a879655f655,7c4fb102-99ff-4087-b645-57e39d466beb,755.38,2025-05-20,2025-09-05,Cancelled
2086918c-ff1b-4ef7-9c55-f2c3e2cdb4bf,ac192d90-59fc-48a9-b80e-17a893011d85,1bc5b483-ac61-4a56-ba11-0738651be861,991.51,2025-05-11,2025-06-02,Pending
f7a6c08f-319d-4de8-9602-6870c09d8d2e,c5c72eb6-2d82-449f-8bbb-75822019b959,efad35c5-eecb-45e2-b27d-e3c2dfe6713c,715.75,2025-08-08,2025-08-12,Pending
198c23a1-8247-49bc-a005-6ffe089b8771,bd5ce57f-e5d4-4b65-a1d4-63410159c05f,0e6ad7cf-953a-4800-86dd-075f9ffbde83,160.97,2024-09-23,2025-05-17,Shipped
d8e9c198-b192-4bc9-abda-be27b787f521,7f87fe1a-d3d5-4a52-b3cd-47fd50df7a74,055161c7-68ed-425b-b505-9fd59e77185c,743.61,2024-12-25,2025-03-08,Delivered
9573a988-e579-43b5-bafb-144bd9bfd89d,a23c3599-5130-4d6e-9a35-2c49354f4f04,6690b64f-68ce-4909-afbc-d1b1abf8cdc6,12.39,2025-06-15,2025-08-07,Cancelled
1f9a71e1-1d00-4c16-a6f9-ba6134e4ef9b,6b8fff38-8a2d-4922-99f3-82a0eafb1d87,69327c69-2907-4803-adfa-6568d5fdd7cf,475.97,2024-09-25,2025-05-12,Delivered
555477d4-f6f2-4cfc-b5d6-46c236a60cd7,7f87fe1a-d3d5-4a52-b3cd-47fd50df7a74,5b4a9d8b-9e1c-4298-ab0c-428e16cb1acd,229.53,2025-05-12,2025-05-15,Shipped
e2f96450-e987-45e5-aa1c-f0a1026e40b9,dc45c5c1-c924-49a2-849c-3c90f9eb46ff,41bc09cc-e30f-434a-ae5e-0dfd642e2163,137.75,2025-08-11,2025-08-12,Cancelled
15b0e8e1-05df-4047-8306-f4e6adeb550b,03e04f36-83b4-4400-89ce-ee4f00501a04,4c32bcd5-c032-4805-be72-745a80fc1b3e,424.87,2025-04-02,2025-06-01,Cancelled
aa2974ca-0509-45fa-bd23-91be6d71615c,dc45c5c1-c924-49a2-849c-3c90f9eb46ff,46c919e1-f833-4187-a6fe-6569bf51e4dc,903.12,2024-12-06,2025-04-28,Cancelled
f1d8b60c-2c96-4a53-9583-294fd123171a,d67acfae-9273-422c-93e5-6a353dfc0b57,dc99ad98-bdbc-440b-8ebd-fd8920e20715,938.45,2025-05-07,2025-09-12,Cancelled
4c5fabb5-a5ad-4a21-af43-57e380969d7f,e102c1e4-ca3d-454a-b904-c9202c073527,4c32bcd5-c032-4805-be72-745a80fc1b3e,722.03,2025-05-28,2025-08-10,Cancelled
213f9886-7e49-4659-90fd-209566170203,5dfde931-5e5f-4793-b470-e5570ea61dd0,95863774-58ea-4f53-805d-87801200b6d9,748.39,2024-12-10,2025-02-05,Shipped
ddb0e6da-4614-4bc6-ad60-0ef29410f1d7,41ddee90-032d-4aec-8b16-be24bb906c32,060c180e-fac0-4cb2-8163-a4ed5cf0d5a1,98.56,2025-07-19,2025-07-20,Cancelled
b543571c-9147-4ff5-a6fa-7ddd50ee9e4a,78e8a29b-6e93-4863-9739-6024551d8776,f8eda31e-fd07-4dbe-a74e-7dc3094282dd,761.3,2025-03-23,2025-05-31,Shipped
6f8ec59a-408c-4dc6-841d-aa92d20e3c29,e102c1e4-ca3d-454a-b904-c9202c073527,f95495b0-f546-47f4-b5d8-de5ba8d3a561,481.5,2025-06-11,2025-09-20,Delivered
7cb022f5-7edd-4d7a-a769-b79505951027,2701204d-1b4a-4674-91fa-1c435769553c,06c1bc47-16b2-458e-8434-872e57fa23bd,35.02,2025-03-16,2025-03-16,Pending
e6df6c2b-2767-4413-b023-ffe41dcdee36,cf23c8da-b8ff-419c-b2e2-d22d2f8ccfe2,a68bcdaa-74e4-4906-947c-36ba7e49ca48,135.66,2025-04-24,2025-07-13,Cancelled
6f239705-ce29-452e-b199-2254d1910f63,601cf11f-7351-4792-adf8-0e38abd04518,57b3b9b0-c846-4d88-9f26-501c389f13f3,53.82,2025-01-30,2025-07-16,Pending
4807f552-cedb-4a88-8d2f-05c735f5a988,811d3524-de63-41d6-9fc7-e1c7dd7ba3b9,fcabbf31-54b0-4617-bde1-31a58da1e411,408.71,2024-12-15,2025-07-29,Delivered
5a583031-9faf-4993-9245-4a41bea90164,78e8a29b-6e93-4863-9739-6024551d8776,c8463e77-9947-4efe-8e41-b71cbf55555c,93.1,2025-02-27,2025-06-26,Cancelled
6baf70e5-1c41-4991-9db6-9a969d19133a,e102c1e4-ca3d-454a-b904-c9202c073527,36d09278-463d-4cf9-af18-724f9daf7c21,763.64,2025-07-26,2025-10-19,Pending
66afbb08-1fa1-4816-9aeb-3dbaeaddd6f1,54173c79-a7e7-4f74-a3ce-0bc8ce851ca1,802eab64-f8d9-4828-a09a-a69b1bc52c7a,404.25,2024-10-15,2025-08-26,Cancelled
947c22da-bb3d-45c1-b67c-f066b07849aa,6b8fff38-8a2d-4922-99f3-82a0eafb1d87,3fe83135-a158-423b-8e9b-b0cc9567d0b2,375.12,2024-11-03,2025-07-05,Pending
b2578f34-96a0-4895-9d4f-c176aa2aef06,61bc789b-8cdf-4f37-a19f-2a879655f655,d3ce93b4-1fd3-4f67-9d38-3a8fd515d072,701.05,2025-09-23,2025-10-14,Cancelled
94dfabfa-d655-41a3-afa0-e678bccf377c,7f87fe1a-d3d5-4a52-b3cd-47fd50df7a74,365f063b-7f07-47d1-bf5a-191c91725151,829.02,2024-11-29,2025-03-09,Delivered
a7723d3b-7827-4f12-81f3-b1daaeca64c6,3008961b-2af3-4910-9741-ac2d84b9ffaf,119e4859-166b-4e69-9672-f2c0e71fe9a5,344.71,2025-03-21,2025-07-27,Cancelled
bbec7e9e-24f3-45d6-8cb4-4d4b7eade597,db1fa7c6-cf16-40c7-aa0c-40ddb1f446fb,d5794af0-f488-41ec-817c-5c4b6c962ea0,721.83,2025-08-31,2025-10-15,Delivered
28afdd7e-35fc-4a29-a1cf-1ed093d011ed,71b89c49-f8cb-4c93-b317-63bd23c98406,19f9c578-10e8-463d-bf6f-597e70ca1ce0,43.43,2025-02-04,2025-03-20,Pending
8d688196-1021-4e8f-9467-1a60bf0dcc96,bef9a089-eba3-421e-b9c7-d14529ed7e83,729f77ca-519f-4ad4-a078-21189644980a,431.92,2025-09-01,2025-09-24,Pending
5f011db0-a500-4cf4-a46d-b9a9210a12cd,e102c1e4-ca3d-454a-b904-c9202c073527,d97506c1-cd93-4201-80c1-a9aacaf90f93,150.63,2025-08-23,2025-10-22,Delivered
f698295a-1b5f-4fc6-875f-453df231646f,61bc789b-8cdf-4f37-a19f-2a879655f655,35b0d24a-a1ea-44fb-991b-18e7b39f8e55,136.33,2025-06-25,2025-06-26,Pending
d4234d67-50c1-4004-925d-746d7d6fc7db,59bcb527-08fd-4d2c-9903-761f584eaf1a,70b4325a-3ebc-49ef-b77f-c860afb863b3,403.24,2025-04-18,2025-10-08,Pending
fd433cfb-da12-43a8-908a-945751b46384,dc45c5c1-c924-49a2-849c-3c90f9eb46ff,ab11e2d2-533f-4313-bb45-714f9fbc1803,680.26,2025-05-24,2025-06-25,Shipped
9a412985-6257-4eaa-8281-86f13f9df88e,5dfde931-5e5f-4793-b470-e5570ea61dd0,56390bbc-e2d4-45e8-ae27-99f87be19d24,92.29,2025-05-15,2025-10-11,Shipped
b8dd54d1-4ac1-4681-b4ca-0d422fdcb1e5,bef9a089-eba3-421e-b9c7-d14529ed7e83,4bb22bd5-f45b-4c6d-8391-c0de6347f0b6,238.69,2025-04-09,2025-10-03,Delivered
93488f04-6ba5-43e7-a3ed-d8309d37b041,e102c1e4-ca3d-454a-b904-c9202c073527,8773a5c7-ba68-444f-83d1-2ab671d3d5d2,138.37,2025-07-09,2025-09-27,Pending
f7cafa4b-bd57-49ce-9f5d-af2829b55891,78e8a29b-6e93-4863-9739-6024551d8776,ae827af0-a737-4ddc-a578-df4dfd8faa68,978.9,2025-06-21,2025-10-18,Cancelled
fc5dac23-db30-4773-a124-ab04ce7ea4fc,59bcb527-08fd-4d2c-9903-761f584eaf1a,382eaf1e-91c2-4913-8972-83a023dd177e,788.1,2024-12-19,2025-09-10,Pending
db93422e-067a-4648-a693-29efc6886e66,601cf11f-7351-4792-adf8-0e38abd04518,fbcdd9fe-cdb6-4c0f-800f-6c41e4eacd82,443.22,2025-07-16,2025-08-01,Shipped
60436ad3-04f5-407b-b512-9c47f6b91f10,601cf11f-7351-4792-adf8-0e38abd04518,eaf8b5f4-69e4-48a3-ae5c-db3eb8a836c3,578.99,2025-08-21,2025-10-21,Shipped
45fa2af4-6500-4b75-8247-0670f738b741,88ff4f12-19b5-4d52-92e9-4405a06d469e,65b0574a-c411-44dd-b4bf-c0bd203335f1,372.9,2025-07-03,2025-10-15,Cancelled
bc980c2c-c066-4cbb-9f1b-9e027100f0a3,caf9dde9-6c6a-4436-998b-06b0de722aca,dd2a10a8-a8ab-4cd8-afdc-71850e991ee2,405.24,2024-11-16,2024-12-13,Pending
46685bfd-8cf4-4fd6-8177-4db52343d576,9185c23b-e357-4fd5-86a0-107aa68fca11,7e9f39f8-ba72-4f35-9a1a-ea675412bdf0,31.61,2025-01-07,2025-06-19,Shipped
a8e06877-43c1-40c8-aed9-d9f4e327019d,fdfabe8d-91ba-4e3e-85c2-ef73c550fec6,43806974-65c8-46d2-a974-04715488396e,997.14,2025-08-09,2025-10-02,Cancelled
9b6c6e34-df0c-454f-9ca3-c4d157a1f49e,5dfde931-5e5f-4793-b470-e5570ea61dd0,4f843490-e572-4580-abf2-e3011f2dedda,600.67,2025-09-12,2025-10-15,Pending
400ab5ed-2cfc-43af-a3ce-8c9007b617f4,a055bb68-0dda-4b0f-81ad-de5bb3d7b451,4f843490-e572-4580-abf2-e3011f2dedda,507.77,2024-11-25,2025-08-15,Pending
8140f214-c570-4af0-a120-279dc75ddab2,ebc3a61c-1df0-4ee2-8648-9edce01f087d,251a52f9-6654-4939-8b61-76e086917b7c,575.8,2025-04-21,2025-05-22,Shipped
5c33d89e-adb9-4070-a16f-417f49342bf8,84ff03bf-27e0-4ee3-885e-fdc477623a14,d3aa6c24-c14a-4a8a-a50b-d6e2ceafc058,137.81,2025-08-19,2025-08-20,Pending
0802c218-ae6e-4297-bf90-24f7e6407c41,2701204d-1b4a-4674-91fa-1c435769553c,c0ecefef-94cd-475e-82a5-a10bbfcdc870,682.58,2025-09-16,2025-10-16,Pending
31aa4026-8114-47c5-8608-fe2054d6c8a8,b7b14e29-5f86-4dc3-8ef9-f7bbc3d530c3,5cf25385-8e0d-4bbb-9266-217bb375cb83,557.47,2025-05-04,2025-05-16,Delivered
02bc10cd-11b5-434b-9ade-18b0e6790121,bef9a089-eba3-421e-b9c7-d14529ed7e83,bc29638d-04c7-4588-960b-6e5a1a8e1566,217.55,2024-12-01,2025-09-28,Shipped
53bfa3e0-c154-4467-9673-6478bece7957,9185c23b-e357-4fd5-86a0-107aa68fca11,338c5e0f-6a7c-4ace-ad6f-9160f2daec22,696.63,2025-01-04,2025-08-13,Pending
732dc481-ae8c-436c-88fa-433fe46485f2,aba3e4e6-07b1-4537-8713-81827ab2a985,d866c74c-224a-4e39-9c87-85ae936eeda1,923.19,2025-03-21,2025-07-03,Shipped
84fac8d3-c4db-4dce-ab64-818c9bead44b,cf23c8da-b8ff-419c-b2e2-d22d2f8ccfe2,5f522b01-c283-4e37-9c0d-8a9d0e5a8cdf,503.99,2025-01-22,2025-06-20,Cancelled
bf6db78b-56fd-4d9f-ba30-ae84135b3bab,270e9696-be2f-4cb5-94ea-9998996f86e2,4f843490-e572-4580-abf2-e3011f2dedda,37.12,2025-07-29,2025-09-21,Shipped
326e9830-1449-4c2b-a1fa-51ea5cdae290,dc45c5c1-c924-49a2-849c-3c90f9eb46ff,13e60eac-0b54-4733-9e8e-ee8c65b84fd3,417.5,2025-01-20,2025-07-10,Shipped
9d7320a6-a83e-4b4a-a842-5f4ccff4e724,ac192d90-59fc-48a9-b80e-17a893011d85,d3ce93b4-1fd3-4f67-9d38-3a8fd515d072,122.8,2025-01-18,2025-09-06,Pending
8c7e49dd-ff45-4a5c-873c-abb30fea64b0,dc45c5c1-c924-49a2-849c-3c90f9eb46ff,d5794af0-f488-41ec-817c-5c4b6c962ea0,950.12,2025-01-01,2025-06-06,Delivered
1c3250f4-5296-4fa2-830d-bd2a1bd4f40d,61bc789b-8cdf-4f37-a19f-2a879655f655,65b0574a-c411-44dd-b4bf-c0bd203335f1,935.65,2025-09-07,2025-09-26,Shipped
427c040d-af4d-4aae-b54a-351bad7eb9b1,c5c72eb6-2d82-449f-8bbb-75822019b959,d4c76546-d196-464f-b5a2-e38dfb27462b,697.91,2024-11-22,2025-02-13,Cancelled
6f12eb7f-12d5-4d7e-8945-286bd3ff4df6,dd2f2249-1c1a-4155-b075-0a66c81c220b,17cdc144-7478-47bc-bf05-91d9702c766f,615.14,2025-05-13,2025-09-27,Delivered
aeeceb69-b95f-4a37-8595-77b02a46d4ac,2701204d-1b4a-4674-91fa-1c435769553c,e09f8225-456f-41f2-9976-315021ff7a68,481.48,2024-11-20,2025-07-14,Delivered
fea7ef6e-0411-411d-a14b-87304b0371fb,fdfabe8d-91ba-4e3e-85c2-ef73c550fec6,6949f4d6-78ad-4a32-95dc-8321d4526e1c,476.97,2025-07-19,2025-10-15,Pending
0608c8bf-9f2d-476a-9e31-783a01428011,2701204d-1b4a-4674-91fa-1c435769553c,6690b64f-68ce-4909-afbc-d1b1abf8cdc6,539.03,2025-06-01,2025-08-06,Delivered
45e60ce9-55ac-468e-a842-85b3fc54b086,1a5ada38-869d-4702-923e-84971005e018,3fe83135-a158-423b-8e9b-b0cc9567d0b2,252.13,2025-05-23,2025-08-01,Delivered
cfaf48ac-9e59-4193-b638-80469e05998c,dc45c5c1-c924-49a2-849c-3c90f9eb46ff,61cb77cb-b01d-4f50-a696-2214ce109bca,658.64,2025-03-21,2025-07-29,Shipped
41d5ad23-f458-4e86-8d62-b742f667f99c,0c4e45ba-ca8c-4473-ba66-c17bbdd102a8,8773a5c7-ba68-444f-83d1-2ab671d3d5d2,160.52,2025-01-12,2025-04-27,Cancelled
04eaaad1-e2ba-469c-b70c-7f2ab9b96927,d36ba1c0-f2da-4a5c-a4c6-e2a3d0ba0df8,d8dd1618-c241-4938-b036-dfba9d821360,857.27,2025-08-06,2025-09-30,Shipped
ecf3e205-93fd-47b8-867f-c57fa16c7a00,cf23c8da-b8ff-419c-b2e2-d22d2f8ccfe2,70e36ba6-c7b2-4b22-b7ce-bcaf68a8b345,446.88,2024-10-12,2025-01-21,Cancelled
7c59842e-c63a-40e4-b32f-3dc978a47dff,03e04f36-83b4-4400-89ce-ee4f00501a04,d4c76546-d196-464f-b5a2-e38dfb27462b,272.79,2025-07-06,2025-08-24,Pending
cdb8adec-e0f3-429c-a842-d100134d4828,dd2f2249-1c1a-4155-b075-0a66c81c220b,b238e325-0be2-4bc3-8a4b-15fe31bb416c,116.68,2025-08-11,2025-09-15,Pending
dfc38c3a-124a-46c7-9227-4ae24d2adc74,03e04f36-83b4-4400-89ce-ee4f00501a04,119e4859-166b-4e69-9672-f2c0e71fe9a5,460.0,2025-09-04,2025-09-25,Shipped
c5b51598-6dbf-4567-a822-41a9b15f4afe,41ddee90-032d-4aec-8b16-be24bb906c32,91b423d6-f752-40b7-a276-a614375ca1b1,69.5,2025-03-10,2025-07-20,Shipped
4bdd0d20-c80a-4df2-b1f7-b2471f7c2e8d,41ddee90-032d-4aec-8b16-be24bb906c32,5b4a9d8b-9e1c-4298-ab0c-428e16cb1acd,410.74,2025-02-12,2025-08-06,Shipped
a9776f7a-89a7-403c-b61c-4aa3a156bf6c,3008961b-2af3-4910-9741-ac2d84b9ffaf,729f77ca-519f-4ad4-a078-21189644980a,776.52,2024-10-26,2025-06-25,Pending
452e8a66-2be3-4da7-af4b-7f107d969b68,03e04f36-83b4-4400-89ce-ee4f00501a04,fcabbf31-54b0-4617-bde1-31a58da1e411,809.85,2025-08-21,2025-09-16,Delivered
2dd266f4-03ac-41a2-a031-c3cd16e63d90,1a5ada38-869d-4702-923e-84971005e018,13e60eac-0b54-4733-9e8e-ee8c65b84fd3,707.97,2025-03-08,2025-09-04,Pending
e79d5a39-8cca-4c6e-be34-3243783ccd3a,54173c79-a7e7-4f74-a3ce-0bc8ce851ca1,dc99ad98-bdbc-440b-8ebd-fd8920e20715,405.67,2025-04-29,2025-05-10,Shipped
9a374156-d40e-4992-8044-2c4be601c806,fdfabe8d-91ba-4e3e-85c2-ef73c550fec6,7968e8a8-ea7e-420e-a1eb-a5eb3c3838e5,763.88,2025-08-26,2025-10-13,Shipped
e2bbcdb3-096e-40b9-876c-4b28b693c948,d67acfae-9273-422c-93e5-6a353dfc0b57,5b4a9d8b-9e1c-4298-ab0c-428e16cb1acd,282.38,2025-07-18,2025-07-25,Delivered
9fe952f9-3f22-41eb-96ff-3ecc9ef25764,ac192d90-59fc-48a9-b80e-17a893011d85,4788dd7b-eece-4d7b-8706-b7d3dfc0d9a0,603.59,2025-02-04,2025-05-07,Shipped
8654d831-31df-49bf-9211-fdb210cf759f,8d1c6428-688f-46a0-a603-2183b034cc66,95b47041-a064-4ac4-92d3-99a7af570ac2,347.63,2025-03-10,2025-05-15,Pending
48ac6d6e-8c6d-40a5-812f-11f3ff3ec9c4,270e9696-be2f-4cb5-94ea-9998996f86e2,4413ceb9-0478-470b-8b28-243196213d2c,693.05,2025-02-09,2025-07-29,Pending
34363568-bb1c-4b36-a955-7824163be7f2,4e4dedd0-6aa6-48a9-9688-733bb3644df8,7c4fb102-99ff-4087-b645-57e39d466beb,655.24,2024-12-26,2025-09-09,Shipped
1f2edecd-580d-4e32-b931-cbba10845294,e102c1e4-ca3d-454a-b904-c9202c073527,055161c7-68ed-425b-b505-9fd59e77185c,800.34,2025-07-27,2025-08-06,Cancelled
d497e311-fe93-47c7-98ff-25871179b627,4e4dedd0-6aa6-48a9-9688-733bb3644df8,d11952d4-8b17-46d9-a6b7-f7508f33ae19,884.91,2025-08-13,2025-08-25,Delivered
8c480c8f-035c-49cb-954d-0be94f0c7e56,ebc3a61c-1df0-4ee2-8648-9edce01f087d,6a9e729d-221d-44aa-981e-486595dc3add,507.95,2025-09-22,2025-10-22,Shipped
92f6ef81-74ad-4fa6-81d2-9ff82981e0f3,b7b14e29-5f86-4dc3-8ef9-f7bbc3d530c3,abd94b29-4734-45d2-8452-0e167f9ef77f,652.55,2024-12-12,2025-06-30,Shipped
7d1755a2-2f97-4760-b9be-b998c69fd57f,c5c72eb6-2d82-449f-8bbb-75822019b959,0157cdb3-72c7-4f7c-a875-2abe82b93b54,485.05,2024-11-16,2025-01-06,Pending
16f04fcc-23d9-4308-8b50-dabc98dcc485,bd5ce57f-e5d4-4b65-a1d4-63410159c05f,d21400c2-794e-4276-8d61-4e78af62a156,104.28,2025-01-02,2025-05-25,Pending
987ace0c-a7c2-49e4-b83e-0ac3479a489c,b3c3fc35-2d60-4da8-b58e-28b4d08706dc,bc9fc229-d392-42e8-bf06-cea67c695861,264.28,2025-03-04,2025-09-18,Pending
7a58d202-48d9-4927-9734-e9111e9f7851,b24a7ab1-7c88-4973-8f1c-3a72e89477c4,98047c4b-a915-4a20-967c-409ea96db666,555.21,2024-10-05,2024-12-01,Pending
62778be5-4ae1-4217-b276-e169c9feb465,b6912b07-839f-41e4-86e0-0fa6d5cbefff,f7cee63d-33f6-40fb-9a06-04b3b994b0f5,380.75,2024-10-19,2024-11-09,Cancelled
3de2205a-dac8-4385-b7ca-3f257d76c7c7,ebc3a61c-1df0-4ee2-8648-9edce01f087d,98047c4b-a915-4a20-967c-409ea96db666,829.56,2025-06-05,2025-06-18,Pending
101345a7-b7a4-4b77-bce1-705694c2a515,601cf11f-7351-4792-adf8-0e38abd04518,e72b68c4-05c5-4f02-93ce-588d92342f3e,637.07,2025-05-03,2025-05-15,Shipped
a7037094-874e-4500-b59c-cee47b808322,22ade201-396d-4167-8b18-6f828a4c5345,57b3b9b0-c846-4d88-9f26-501c389f13f3,976.33,2025-08-09,2025-09-12,Cancelled
e4cd3144-2828-4dac-9059-a625be82aa8e,d67acfae-9273-422c-93e5-6a353dfc0b57,f5bda340-6056-4329-a853-f9fa55aa662a,697.11,2024-10-12,2025-06-28,Shipped
29fa2ca8-97b9-4f65-b4af-762ca2603f7a,c0b3cb94-33aa-44a3-8fb0-9429c44cdd8b,319213a9-bc5a-40df-9d8c-f58de67da5b7,762.3,2025-01-23,2025-04-22,Shipped
6fb52b88-e7b3-400e-8488-fdc9e1d2dca5,71b89c49-f8cb-4c93-b317-63bd23c98406,12389105-1d06-4240-95b1-cea911ae862c,646.83,2025-05-12,2025-05-16,Delivered
f313ebbb-1ce8-4c25-8d66-8ce6bf44da0a,1a5ada38-869d-4702-923e-84971005e018,2999d5ba-50ed-42d7-a122-56bc38d965e6,353.15,2025-06-03,2025-06-24,Shipped
8c07d9cc-05bc-4ccb-8c8c-a4486bfc1da2,d67acfae-9273-422c-93e5-6a353dfc0b57,57b3b9b0-c846-4d88-9f26-501c389f13f3,678.45,2024-09-27,2025-01-25,Shipped
fe054807-df2c-4903-b26e-81de0cc51a67,54173c79-a7e7-4f74-a3ce-0bc8ce851ca1,c8a224b2-0e60-4925-b576-02749c291781,642.23,2025-05-03,2025-09-18,Delivered
3f50eb4a-e5af-4c11-ac08-c60448a8a747,caef2dbe-c796-42c0-8860-08d7cecaadd3,3858c8b1-5ba5-4cd5-b951-a81701fe52c6,188.96,2025-07-03,2025-09-09,Pending
c55ac76b-d6c5-4df8-a935-ce0ff833b735,0404f247-a633-4d99-94fb-577a3e3b6761,319213a9-bc5a-40df-9d8c-f58de67da5b7,684.46,2024-12-13,2025-02-18,Shipped
c548232c-2b2b-4551-ae33-9a582edbc64f,c5c72eb6-2d82-449f-8bbb-75822019b959,d8dd1618-c241-4938-b036-dfba9d821360,479.64,2024-10-14,2025-10-14,Shipped
2501817f-fc78-4771-89e2-747f1da9984b,c5c72eb6-2d82-449f-8bbb-75822019b959,ae827af0-a737-4ddc-a578-df4dfd8faa68,532.22,2025-05-02,2025-06-24,Pending
0ae3ef3b-7b5c-4d42-abf8-4b900b29929a,8d1c6428-688f-46a0-a603-2183b034cc66,729f77ca-519f-4ad4-a078-21189644980a,386.82,2025-07-17,2025-10-08,Pending
acd4fc19-bc87-459d-8ecf-bd527ebcd8d6,a23c3599-5130-4d6e-9a35-2c49354f4f04,312f8a60-8cf2-45f3-9a8d-23d09a3be319,562.08,2024-09-24,2024-10-14,Delivered
3bf159ca-97b7-407e-87a7-219451e7474b,0c4e45ba-ca8c-4473-ba66-c17bbdd102a8,bc9fc229-d392-42e8-bf06-cea67c695861,154.06,2025-09-21,2025-09-27,Pending
e7b20296-3354-4f69-8057-9cc9cd0e403d,b24a7ab1-7c88-4973-8f1c-3a72e89477c4,f8eda31e-fd07-4dbe-a74e-7dc3094282dd,783.3,2024-12-09,2025-07-31,Cancelled
f5dd2dc7-fc15-4b1b-b2da-0f453dbf62eb,5dfde931-5e5f-4793-b470-e5570ea61dd0,58d2b8d1-74fa-4649-ad01-525a39883c8a,308.76,2024-12-28,2025-06-20,Delivered
a1b1d88b-1412-4606-97fc-3a9182460192,601cf11f-7351-4792-adf8-0e38abd04518,c0ecefef-94cd-475e-82a5-a10bbfcdc870,731.26,2025-03-27,2025-10-03,Cancelled
682f2092-cd7b-461a-85c6-20c6b0882d32,61bc789b-8cdf-4f37-a19f-2a879655f655,4cf3d324-fbed-423d-b936-87a6ff8d2adb,896.99,2025-09-17,2025-09-26,Pending
598c23b0-5a1e-459c-b107-08d9a72363dc,ac192d90-59fc-48a9-b80e-17a893011d85,13ca30e7-a635-4d9c-b764-e9d0278d2259,760.25,2025-06-29,2025-07-17,Delivered
d20e5831-1dee-4baa-bed3-6fca7cbcae58,59bcb527-08fd-4d2c-9903-761f584eaf1a,0b1b5b52-231c-475f-8cbd-a77f8200bdfa,18.1,2025-01-06,2025-07-14,Pending
6c79deae-7da6-4a8e-b4dd-c5e70f0f3909,a055bb68-0dda-4b0f-81ad-de5bb3d7b451,c8463e77-9947-4efe-8e41-b71cbf55555c,324.83,2024-12-25,2025-04-11,Cancelled
a1a50c3d-7b05-47f0-a208-f79c949ed8d6,cf23c8da-b8ff-419c-b2e2-d22d2f8ccfe2,f65fd0cc-539f-45ca-9ecc-4769801e37c9,936.86,2025-03-20,2025-08-11,Shipped
1397f87b-858f-4fed-b7dd-7cebd0f79bab,78e8a29b-6e93-4863-9739-6024551d8776,9690b14c-364e-4936-b9c3-3d260d8f5564,278.58,2024-11-19,2025-07-02,Cancelled
252af391-45e8-4d57-8ec7-da9d707d9324,9185c23b-e357-4fd5-86a0-107aa68fca11,1fb5edb0-d65d-4378-9348-d5c0c6053153,228.28,2025-03-01,2025-04-03,Cancelled
4e2dcf53-1521-41b9-98c1-bfba12751b86,b24a7ab1-7c88-4973-8f1c-3a72e89477c4,5dbe857a-aadf-43aa-8c32-823dd6604fea,865.58,2025-07-06,2025-10-17,Shipped
a003deec-0f6e-4896-a46a-8117d2ab597d,4437521a-e679-4882-b51e-8b7313f77025,85cb0d59-b629-4312-ad38-73d241c7c06b,777.45,2024-12-31,2025-07-12,Delivered
e3df2df8-061a-44d7-a251-4b69daf93d7c,b3c3fc35-2d60-4da8-b58e-28b4d08706dc,f5bda340-6056-4329-a853-f9fa55aa662a,312.12,2025-04-15,2025-09-05,Cancelled
0b409be6-a478-47b2-9b23-c4129a2f72c6,41ddee90-032d-4aec-8b16-be24bb906c32,ab11e2d2-533f-4313-bb45-714f9fbc1803,888.92,2025-04-21,2025-08-06,Pending
8f6f948c-4fbb-43e4-8e0b-ac5b54439dbc,3008961b-2af3-4910-9741-ac2d84b9ffaf,5b4a9d8b-9e1c-4298-ab0c-428e16cb1acd,569.47,2025-07-19,2025-10-23,Pending
453f2f25-8960-4c9c-999c-9e04e17d8bf7,3008961b-2af3-4910-9741-ac2d84b9ffaf,774e2e23-36ab-4545-98f1-d030f72dc2e3,660.64,2025-04-10,2025-08-07,Delivered
59ec3819-a50c-42da-93e1-48a96c9e0614,b3c3fc35-2d60-4da8-b58e-28b4d08706dc,95b47041-a064-4ac4-92d3-99a7af570ac2,406.93,2025-05-12,2025-05-29,Cancelled
ac24833b-22bc-4c81-95cc-6cb6efa21ec7,8f026340-2f38-494e-8bd4-1bbd8aa7a25f,0e6ad7cf-953a-4800-86dd-075f9ffbde83,166.26,2024-11-29,2025-03-07,Delivered
b09cb354-b1e8-4015-b6e3-c471793063fb,5dfde931-5e5f-4793-b470-e5570ea61dd0,7e9f39f8-ba72-4f35-9a1a-ea675412bdf0,742.44,2025-02-14,2025-03-19,Pending
aca5e51d-6098-497e-b338-7071d9c01679,88ff4f12-19b5-4d52-92e9-4405a06d469e,2c5b37b4-5db0-44b5-befa-d4a9ba6c560e,131.66,2025-06-14,2025-06-26,Cancelled
678b55b7-779c-439a-a4a6-f0aabc96b06c,4437521a-e679-4882-b51e-8b7313f77025,d1534805-37ab-44d2-afc2-7413a7b1aff2,984.81,2025-02-21,2025-05-11,Cancelled
0f078cf5-c729-4076-b514-0e8ac8230441,ebc3a61c-1df0-4ee2-8648-9edce01f087d,6517a3db-3b63-4896-8e9b-f62593fba140,948.12,2025-06-27,2025-10-23,Pending
023f5f58-7a1a-40e5-a21e-4e8b32e1744c,bef9a089-eba3-421e-b9c7-d14529ed7e83,f5bda340-6056-4329-a853-f9fa55aa662a,509.59,2025-03-26,2025-07-05,Pending
f9a59690-73f4-4d6a-92e8-9fabc09dd818,78e8a29b-6e93-4863-9739-6024551d8776,4bb22bd5-f45b-4c6d-8391-c0de6347f0b6,451.44,2025-05-05,2025-05-31,Delivered
baca31ac-dcfb-403e-a5ce-9bc86ef0c0e5,dc45c5c1-c924-49a2-849c-3c90f9eb46ff,d866c74c-224a-4e39-9c87-85ae936eeda1,237.32,2025-09-02,2025-09-24,Delivered
f194714f-5b69-440c-83a2-c39f742e5ebb,caef2dbe-c796-42c0-8860-08d7cecaadd3,58d2b8d1-74fa-4649-ad01-525a39883c8a,484.72,2024-12-23,2025-08-31,Delivered
3297d45c-1302-4402-b7fa-0a217d7b1a9d,b7b14e29-5f86-4dc3-8ef9-f7bbc3d530c3,d3aa6c24-c14a-4a8a-a50b-d6e2ceafc058,742.31,2025-08-01,2025-08-30,Delivered
50b336c9-7128-4c21-aa13-c65585747b71,270e9696-be2f-4cb5-94ea-9998996f86e2,2999d5ba-50ed-42d7-a122-56bc38d965e6,222.09,2025-03-20,2025-08-17,Cancelled
a5659fbf-702f-4c2b-935b-a615455f8644,b24a7ab1-7c88-4973-8f1c-3a72e89477c4,4e7c1180-1bc2-499c-9737-a2c0fdbef3ad,819.8,2025-05-28,2025-06-14,Delivered
b0da505d-27c7-49a8-ab23-3052ec5fe97a,dd2f2249-1c1a-4155-b075-0a66c81c220b,5cf25385-8e0d-4bbb-9266-217bb375cb83,880.03,2025-06-03,2025-07-09,Cancelled
89e9c0be-6306-405e-acad-a1bc6896af80,bef9a089-eba3-421e-b9c7-d14529ed7e83,6b14fc1a-868d-4877-b397-78db8d874d82,13.63,2025-04-08,2025-07-14,Shipped
e5450de3-7c31-4514-8e27-daf1498f1a74,0404f247-a633-4d99-94fb-577a3e3b6761,743b261b-776d-45ef-8547-235f7914129e,603.79,2025-09-08,2025-09-15,Delivered
8b68ab59-f483-4f71-9966-6c4e4fc8abbe,71b89c49-f8cb-4c93-b317-63bd23c98406,66663d22-f843-49de-9f62-f2ab246487dd,402.73,2024-11-22,2025-09-19,Pending
2a5cda98-2bea-479b-a4a9-651c8843de74,41ddee90-032d-4aec-8b16-be24bb906c32,91c983dc-c683-4c63-88bc-e43a43297ec3,708.74,2025-06-11,2025-07-31,Delivered
4d6dc3c1-4474-4ff2-a273-b1bf845ada4e,78e8a29b-6e93-4863-9739-6024551d8776,0e6ad7cf-953a-4800-86dd-075f9ffbde83,179.27,2025-05-20,2025-08-09,Pending
28d7f3cf-8be1-4a56-a23b-597bea95a63b,e102c1e4-ca3d-454a-b904-c9202c073527,c4c2acca-b10a-4cb7-9021-aa0630b0471e,652.24,2025-05-12,2025-06-11,Shipped
5b75a527-7051-4b1d-a55c-56e243c98623,caef2dbe-c796-42c0-8860-08d7cecaadd3,5f522b01-c283-4e37-9c0d-8a9d0e5a8cdf,552.55,2025-08-17,2025-09-17,Pending
2db63697-5608-4030-90b3-6749c4f4d5ef,61bc789b-8cdf-4f37-a19f-2a879655f655,9690b14c-364e-4936-b9c3-3d260d8f5564,874.24,2025-06-24,2025-08-27,Shipped
c8a301b9-4c29-41ce-bfcb-59ae54ce88d3,3008961b-2af3-4910-9741-ac2d84b9ffaf,5dbe857a-aadf-43aa-8c32-823dd6604fea,449.14,2025-04-16,2025-07-19,Delivered
214907a4-d75b-4079-a13c-0b83240dd8c0,c5c72eb6-2d82-449f-8bbb-75822019b959,8ff1940d-b8b1-4d4e-898d-aa7687ba5e9f,952.32,2024-12-18,2025-05-19,Cancelled
cda0668e-5da5-43ba-85a6-9ec34e9f7826,71b89c49-f8cb-4c93-b317-63bd23c98406,0950260f-07de-4037-81b0-19023c1e0493,977.28,2024-12-04,2025-02-09,Cancelled
723c1ea1-287b-4fb3-b6a3-5f4e68df2d26,b3c3fc35-2d60-4da8-b58e-28b4d08706dc,fadcbf73-d529-480e-adc5-0724ed5b0682,359.25,2025-09-11,2025-10-14,Cancelled
f02e6800-a021-4668-88d0-8908d353b6d2,0404f247-a633-4d99-94fb-577a3e3b6761,9690b14c-364e-4936-b9c3-3d260d8f5564,175.05,2025-06-15,2025-09-12,Delivered
cf076351-77dd-49d4-9800-3124651b2f5f,a055bb68-0dda-4b0f-81ad-de5bb3d7b451,40c8c926-7177-43a2-8f5b-2668b47ea699,56.29,2025-07-29,2025-08-17,Delivered
dab0f38b-1ecc-4522-b2bb-b8c6e2f22b8c,fdfabe8d-91ba-4e3e-85c2-ef73c550fec6,a07f82cf-f30f-46a1-854d-2d1667e41b4e,712.56,2025-06-08,2025-07-17,Cancelled
36a0ce84-34cd-42e2-9eb5-f545cb5cdaef,2701204d-1b4a-4674-91fa-1c435769553c,055161c7-68ed-425b-b505-9fd59e77185c,651.84,2025-09-12,2025-10-07,Delivered
0c1fb87b-4672-4b22-9f24-190bd91dbf2b,d36ba1c0-f2da-4a5c-a4c6-e2a3d0ba0df8,2c5b37b4-5db0-44b5-befa-d4a9ba6c560e,615.46,2025-02-16,2025-04-19,Pending
29355dbd-4f4d-4f01-8650-9dbb1485502b,03e04f36-83b4-4400-89ce-ee4f00501a04,43806974-65c8-46d2-a974-04715488396e,876.52,2025-04-05,2025-07-14,Delivered
f7c784ed-6af4-47e7-b0a8-10cf15d7c716,b7b14e29-5f86-4dc3-8ef9-f7bbc3d530c3,13e60eac-0b54-4733-9e8e-ee8c65b84fd3,732.74,2025-01-16,2025-07-24,Cancelled
597f7d81-679b-4a32-a0db-575c43cf5bfa,0404f247-a633-4d99-94fb-577a3e3b6761,eaf8b5f4-69e4-48a3-ae5c-db3eb8a836c3,306.69,2025-05-28,2025-08-29,Delivered
44fb64a9-9797-4ada-b0ef-6d77a929cab8,a23c3599-5130-4d6e-9a35-2c49354f4f04,23477557-39a0-488c-ba27-44017dfe100e,827.15,2025-07-20,2025-08-31,Pending
960b45c3-14c2-49be-a827-9fbea2bf9cba,9185c23b-e357-4fd5-86a0-107aa68fca11,13e60eac-0b54-4733-9e8e-ee8c65b84fd3,582.23,2025-09-19,2025-10-15,Cancelled
c6218d5e-0804-498e-bc0c-4693205d0a8c,84ff03bf-27e0-4ee3-885e-fdc477623a14,eeb2603f-130d-40a6-9204-993019c6fb01,286.77,2024-11-24,2025-03-06,Shipped
c7a619a1-8c89-4a38-9328-9c29766e7558,d67acfae-9273-422c-93e5-6a353dfc0b57,5f522b01-c283-4e37-9c0d-8a9d0e5a8cdf,854.6,2025-07-15,2025-09-12,Shipped
82864403-8971-4eb4-91eb-3b968c610eb0,4e4dedd0-6aa6-48a9-9688-733bb3644df8,6800a51e-efff-48a3-885f-945a9e5b8b84,105.18,2025-04-21,2025-10-23,Pending
608c8c1e-322b-4d88-a9b8-90ac6aa69f9b,db1fa7c6-cf16-40c7-aa0c-40ddb1f446fb,31386b8b-d12a-45a2-b52c-cc34a26625cf,806.83,2025-03-01,2025-09-26,Delivered
95b4fa7b-f0eb-407f-9531-fa9fb53b7392,caf9dde9-6c6a-4436-998b-06b0de722aca,8ff1940d-b8b1-4d4e-898d-aa7687ba5e9f,304.74,2024-11-23,2024-12-11,Cancelled
1d041af5-8ae1-443f-8465-1082f04d52d0,71b89c49-f8cb-4c93-b317-63bd23c98406,f95495b0-f546-47f4-b5d8-de5ba8d3a561,475.47,2025-02-07,2025-06-26,Shipped
b8c606a1-be1c-4f16-a26b-c5b386b83f22,b3c3fc35-2d60-4da8-b58e-28b4d08706dc,23477557-39a0-488c-ba27-44017dfe100e,503.71,2024-11-18,2025-04-16,Cancelled
abc6f29e-61d5-442c-88f5-011e7e8e26ff,4437521a-e679-4882-b51e-8b7313f77025,dc99ad98-bdbc-440b-8ebd-fd8920e20715,157.82,2024-10-19,2025-03-26,Pending
58b5e1bc-3f6c-4825-94cb-145ace3779b7,8f026340-2f38-494e-8bd4-1bbd8aa7a25f,7968e8a8-ea7e-420e-a1eb-a5eb3c3838e5,426.02,2024-10-06,2024-10-25,Delivered
2e7a5b4e-37ad-4667-80d1-c647ec868870,e102c1e4-ca3d-454a-b904-c9202c073527,ae4f47a9-da9b-4bea-89da-9b7e8030d6d7,519.81,2025-05-07,2025-09-13,Pending
317379e4-b6fd-4729-baf1-3bbcbee17f78,e102c1e4-ca3d-454a-b904-c9202c073527,84c4d08a-79d5-4a4c-92ee-2576827dc052,809.73,2025-09-05,2025-09-23,Pending
dce805c9-5dc0-40b9-933f-25ed71ab11c9,ebc3a61c-1df0-4ee2-8648-9edce01f087d,06c1bc47-16b2-458e-8434-872e57fa23bd,112.47,2024-10-21,2025-01-02,Pending
412e75fc-32f8-4685-929e-77f4c9266588,41ddee90-032d-4aec-8b16-be24bb906c32,ae4f47a9-da9b-4bea-89da-9b7e8030d6d7,118.24,2025-04-28,2025-08-18,Pending
4b565931-c9d4-4bc7-982c-51abd245ce9f,8d1c6428-688f-46a0-a603-2183b034cc66,29cbb049-f81c-4447-931d-dc5dbe188bbc,438.09,2024-11-13,2025-02-06,Delivered
6de72a0f-f2d1-4789-a430-7d7207e17a33,0c4e45ba-ca8c-4473-ba66-c17bbdd102a8,abd7ddf2-f756-4133-b180-6864fdebfc68,96.07,2024-11-26,2025-02-14,Cancelled
0d2c31af-7b05-43fd-8ec0-33caed25618f,ac192d90-59fc-48a9-b80e-17a893011d85,bc10b0a2-07e4-4083-968a-4ee360e65866,396.42,2025-07-13,2025-09-16,Delivered
07dc853d-0f39-40d8-b730-4eb15982c94e,a23c3599-5130-4d6e-9a35-2c49354f4f04,ab11e2d2-533f-4313-bb45-714f9fbc1803,741.21,2024-11-25,2025-09-16,Pending
2d4bcd32-4e11-4ed5-917f-3335f1dee3bb,61bc789b-8cdf-4f37-a19f-2a879655f655,1ca06e94-2f67-4c72-b92f-bb48e4aaf90a,148.83,2025-04-04,2025-08-06,Pending
d19e635b-b160-4fd8-a3ef-553c70e9872f,ac192d90-59fc-48a9-b80e-17a893011d85,5f522b01-c283-4e37-9c0d-8a9d0e5a8cdf,811.11,2024-10-09,2025-06-10,Shipped
b26c3d62-9fc2-4e5f-b3cf-555d9de6dc17,84ff03bf-27e0-4ee3-885e-fdc477623a14,21008ebf-b226-4f76-ab11-a900888e57c1,561.66,2024-12-31,2025-05-08,Cancelled
d868fe07-5f43-4ff2-a6ae-6b3228c23315,41ddee90-032d-4aec-8b16-be24bb906c32,f5bda340-6056-4329-a853-f9fa55aa662a,387.44,2025-04-17,2025-04-23,Cancelled
a6e63055-f5c9-4dab-afef-ec1558249436,71b89c49-f8cb-4c93-b317-63bd23c98406,319213a9-bc5a-40df-9d8c-f58de67da5b7,357.35,2025-01-10,2025-04-01,Pending
9cfbccf3-fb84-4d5d-a0f4-11cb00084a68,0c4e45ba-ca8c-4473-ba66-c17bbdd102a8,ea5c5523-35f4-4c15-bacc-16d9acf6347f,426.75,2025-05-17,2025-06-22,Pending
dee1168d-1ea4-4463-a9ce-e7f8f422aa80,71b89c49-f8cb-4c93-b317-63bd23c98406,41bc09cc-e30f-434a-ae5e-0dfd642e2163,184.93,2025-03-27,2025-06-03,Pending
93f63119-2fa0-4c2d-a0ca-8f491bb37ff6,22ade201-396d-4167-8b18-6f828a4c5345,c4d32844-78dc-4c19-aa10-8c8ff27444e6,543.82,2025-03-18,2025-03-25,Pending
21813aba-fb7d-4e02-8300-4eae6d206073,0404f247-a633-4d99-94fb-577a3e3b6761,abd7ddf2-f756-4133-b180-6864fdebfc68,736.89,2025-07-13,2025-07-27,Delivered
3dfccf76-8eab-48e3-b04e-f0cb4073b1fc,ebc3a61c-1df0-4ee2-8648-9edce01f087d,2c794151-eed1-428a-93e1-c567903df6f4,712.47,2024-11-18,2025-10-19,Pending
9668692e-d331-4242-a1ef-6286bea06675,e102c1e4-ca3d-454a-b904-c9202c073527,fadcbf73-d529-480e-adc5-0724ed5b0682,146.69,2025-08-08,2025-08-08,Pending
beffff84-b7b4-432b-aad1-09bd5557c117,4437521a-e679-4882-b51e-8b7313f77025,5ead8e8c-da7a-427c-aa4c-25b47a0f2793,777.81,2025-01-06,2025-04-30,Cancelled
69cbdd02-8946-40ec-9047-dca7f429de39,bc77ddcb-3258-4c06-9f0e-0880a1dca044,a07f82cf-f30f-46a1-854d-2d1667e41b4e,633.76,2025-08-23,2025-09-28,Pending
ff1c407e-2750-4d76-a1a9-799d7e1cde8a,71b89c49-f8cb-4c93-b317-63bd23c98406,7968e8a8-ea7e-420e-a1eb-a5eb3c3838e5,865.84,2025-02-09,2025-03-04,Cancelled
4cfd8875-ac7f-4486-b478-722cfc45fcce,b7b14e29-5f86-4dc3-8ef9-f7bbc3d530c3,6826ab49-34d4-4093-99e9-47f6689718f3,543.86,2024-12-03,2024-12-30,Cancelled
48bcff0f-3f2e-4ede-a58c-88a1af46a416,6b8fff38-8a2d-4922-99f3-82a0eafb1d87,70b4325a-3ebc-49ef-b77f-c860afb863b3,684.09,2025-04-03,2025-09-06,Delivered
5a93918a-65aa-4985-9f29-8f5ab9cb2126,78e8a29b-6e93-4863-9739-6024551d8776,af840bf3-ece4-40aa-9b90-a8aa61418111,11.84,2024-11-20,2025-08-13,Cancelled
474f7eaf-b556-4325-a677-01e59e4b2abc,b24a7ab1-7c88-4973-8f1c-3a72e89477c4,5ead8e8c-da7a-427c-aa4c-25b47a0f2793,642.57,2024-11-11,2024-11-13,Pending
6548435c-1bb8-46e5-9ce2-08338b2bdcbe,dc45c5c1-c924-49a2-849c-3c90f9eb46ff,46888bd1-f24f-4a0d-8ad1-79ae98c8e300,785.25,2025-07-13,2025-07-16,Cancelled
18325972-3648-4c60-be6e-6631f552d26e,dc45c5c1-c924-49a2-849c-3c90f9eb46ff,91c983dc-c683-4c63-88bc-e43a43297ec3,134.95,2025-08-17,2025-08-30,Pending
7e80324c-667c-4517-bc4f-10bb8151bb07,0404f247-a633-4d99-94fb-577a3e3b6761,65b0574a-c411-44dd-b4bf-c0bd203335f1,513.12,2025-08-22,2025-08-28,Delivered
f076e705-5c3c-449a-a955-528fe63b2176,caef2dbe-c796-42c0-8860-08d7cecaadd3,58319c1c-b5a0-41e8-ab41-60067027ff8c,237.89,2025-04-02,2025-08-07,Delivered
1b9da1a1-c479-45d3-8c01-cfd505796f8c,4e4dedd0-6aa6-48a9-9688-733bb3644df8,3515cb93-1c44-4b35-99a3-1cc49eac8973,17.95,2025-03-02,2025-06-29,Pending
da3dd8e8-088e-4687-8d06-724ea1bc12c7,bef9a089-eba3-421e-b9c7-d14529ed7e83,ee4bf292-47ec-4c97-a3ea-a5709c817dfb,912.65,2025-03-04,2025-07-05,Pending
ab51be01-495c-4c04-b4e9-ee1d4c74c52f,c5c72eb6-2d82-449f-8bbb-75822019b959,efad35c5-eecb-45e2-b27d-e3c2dfe6713c,498.72,2024-12-28,2025-02-25,Pending
9654aebe-ff3a-46d9-83e6-1c449fb82b9a,c0b3cb94-33aa-44a3-8fb0-9429c44cdd8b,58319c1c-b5a0-41e8-ab41-60067027ff8c,552.98,2025-05-13,2025-06-09,Delivered
d67f7893-bc9b-4a1b-9151-b527ebbd7c82,88ff4f12-19b5-4d52-92e9-4405a06d469e,ae827af0-a737-4ddc-a578-df4dfd8faa68,858.55,2025-08-26,2025-08-30,Cancelled
9a413f1b-b55b-4551-adcc-184a43c7d673,2701204d-1b4a-4674-91fa-1c435769553c,729f77ca-519f-4ad4-a078-21189644980a,898.65,2024-12-17,2025-09-22,Delivered
61f8426e-09cd-4697-a6c2-c07da198069f,bc77ddcb-3258-4c06-9f0e-0880a1dca044,f3cea09b-80c7-457e-b1a3-5c1a6df41451,893.96,2025-03-12,2025-08-05,Shipped
283c6028-dfeb-4df1-985b-19c807d13d96,e102c1e4-ca3d-454a-b904-c9202c073527,f8f0511e-d209-4fcd-824f-1b5eb851b2b7,769.99,2025-02-15,2025-08-24,Delivered
a1bbdc64-603c-4ffa-b0aa-8c44fc329980,d36ba1c0-f2da-4a5c-a4c6-e2a3d0ba0df8,e8194282-3924-47c0-9407-a6bfa0aa69e6,644.77,2025-04-25,2025-08-25,Cancelled
3db2ff54-2944-4db6-9695-cd97ec2083f6,b24a7ab1-7c88-4973-8f1c-3a72e89477c4,729f77ca-519f-4ad4-a078-21189644980a,827.85,2024-10-17,2024-11-08,Cancelled
9d29310b-8ebf-4378-9541-4f6822d1fff3,ac192d90-59fc-48a9-b80e-17a893011d85,d866c74c-224a-4e39-9c87-85ae936eeda1,278.84,2024-11-07,2024-11-07,Delivered
6b5487e7-01b7-42d3-9796-685fd2bbb6d5,61bc789b-8cdf-4f37-a19f-2a879655f655,0157cdb3-72c7-4f7c-a875-2abe82b93b54,204.29,2024-10-27,2025-05-19,Cancelled
011c97e7-e703-4d16-a2f7-4ad7499cacaf,a055bb68-0dda-4b0f-81ad-de5bb3d7b451,6396d82e-28dd-453e-9359-e3a39ca1c56d,504.89,2025-04-23,2025-09-09,Delivered
82429248-eec7-44f6-9d3c-25c3df0de265,b24a7ab1-7c88-4973-8f1c-3a72e89477c4,4e7c1180-1bc2-499c-9737-a2c0fdbef3ad,968.32,2025-06-07,2025-07-25,Delivered
670f03fb-0f66-42cd-b26a-c55fdcb4cfa6,c5c72eb6-2d82-449f-8bbb-75822019b959,6396d82e-28dd-453e-9359-e3a39ca1c56d,350.44,2025-01-01,2025-01-30,Cancelled
1c8b69bf-731e-45c8-b589-ade3956bbac2,601cf11f-7351-4792-adf8-0e38abd04518,f919b88f-e6a8-4469-b227-44703a44d526,771.41,2025-02-08,2025-05-24,Delivered
7d4fb93e-90cb-41b7-bf72-746f167f277e,84ff03bf-27e0-4ee3-885e-fdc477623a14,9690b14c-364e-4936-b9c3-3d260d8f5564,552.98,2025-02-15,2025-02-27,Cancelled
79692fce-2913-40f6-9d45-91f3e89d3244,601cf11f-7351-4792-adf8-0e38abd04518,0b1b5b52-231c-475f-8cbd-a77f8200bdfa,623.4,2025-03-23,2025-09-03,Pending
a0e1733e-b37a-4357-845e-ad0af203f5f3,e102c1e4-ca3d-454a-b904-c9202c073527,f1469220-9647-4be6-95f9-4ec89d462208,104.17,2025-01-21,2025-08-15,Pending
65083c69-c41d-44c4-9fc9-8a64c1fa4b9e,caef2dbe-c796-42c0-8860-08d7cecaadd3,23477557-39a0-488c-ba27-44017dfe100e,506.43,2025-01-25,2025-09-20,Cancelled
79a51693-553b-4635-96ab-55d4192b3728,d67acfae-9273-422c-93e5-6a353dfc0b57,abd94b29-4734-45d2-8452-0e167f9ef77f,339.23,2025-06-22,2025-10-14,Cancelled
fd581230-b66b-49f4-aa38-59d3a24d3ae2,ac192d90-59fc-48a9-b80e-17a893011d85,ea5c5523-35f4-4c15-bacc-16d9acf6347f,914.66,2025-09-01,2025-10-09,Pending
ab2ad5e6-38cb-4994-b0f1-8760bad4c068,4e4dedd0-6aa6-48a9-9688-733bb3644df8,70e36ba6-c7b2-4b22-b7ce-bcaf68a8b345,58.34,2025-05-01,2025-07-16,Cancelled
0d3b891a-e623-46ca-8887-71d4d624544e,22ade201-396d-4167-8b18-6f828a4c5345,0e7a1320-fb95-4c32-a29a-fcd9984b0959,358.75,2024-10-26,2025-01-27,Delivered
48556f18-1775-42c5-8eb0-66b1d9f88cd0,8f026340-2f38-494e-8bd4-1bbd8aa7a25f,c0ecefef-94cd-475e-82a5-a10bbfcdc870,348.62,2025-03-26,2025-07-22,Pending
33d851af-92ca-4281-96ad-a99d74b764f3,59bcb527-08fd-4d2c-9903-761f584eaf1a,4f843490-e572-4580-abf2-e3011f2dedda,915.76,2025-06-22,2025-08-17,Cancelled
f72040e7-442e-4627-9a52-d97928cc1ed2,b3c3fc35-2d60-4da8-b58e-28b4d08706dc,5049903f-62c7-4206-896d-90f4fa586fca,635.07,2025-01-06,2025-09-25,Delivered
fc355412-de19-41bd-bf0e-5e9ee9751e68,caef2dbe-c796-42c0-8860-08d7cecaadd3,b823f4f9-eeab-4f9e-b859-938b4ea10e6b,621.33,2025-05-08,2025-07-19,Delivered
a3d220e6-5496-4a61-8701-8663013823ba,8f026340-2f38-494e-8bd4-1bbd8aa7a25f,8bdd9a3c-769e-4c3a-8e25-15d569908cbb,138.52,2024-11-22,2024-11-27,Cancelled
3c62c71d-e144-4941-baed-17dd7b9eed44,41ddee90-032d-4aec-8b16-be24bb906c32,f65fd0cc-539f-45ca-9ecc-4769801e37c9,970.86,2025-02-13,2025-10-18,Shipped
19baf58a-2724-474d-a532-f10f65688432,dd2f2249-1c1a-4155-b075-0a66c81c220b,28e291c6-28e2-4c8e-a2c8-e3a51af24d52,184.0,2024-12-06,2025-08-22,Shipped
e2cb4f26-510c-4df1-97c9-dc694b559849,3008961b-2af3-4910-9741-ac2d84b9ffaf,b823f4f9-eeab-4f9e-b859-938b4ea10e6b,265.33,2024-10-01,2025-04-25,Delivered
105e561a-2171-4e7e-b778-ed55d4150f75,c5c72eb6-2d82-449f-8bbb-75822019b959,66663d22-f843-49de-9f62-f2ab246487dd,367.54,2025-06-11,2025-07-04,Delivered
564eea8b-ec8d-43fe-9e0e-e0c78ae5f62e,ebc3a61c-1df0-4ee2-8648-9edce01f087d,4bb22bd5-f45b-4c6d-8391-c0de6347f0b6,472.54,2025-07-05,2025-07-10,Cancelled
0055a788-11cf-421b-a104-da565a3e7f48,aba3e4e6-07b1-4537-8713-81827ab2a985,1e5d166a-a1d3-4e2a-bbe7-288a697d547b,558.48,2025-06-01,2025-07-30,Delivered
156b0bf1-28d4-4677-867a-07858cbc0641,dd2f2249-1c1a-4155-b075-0a66c81c220b,4788dd7b-eece-4d7b-8706-b7d3dfc0d9a0,758.23,2025-07-21,2025-10-02,Shipped
e2ca98fe-a672-4271-ac9e-6af7816582a1,84ff03bf-27e0-4ee3-885e-fdc477623a14,0f855279-d917-4f63-8f3b-b1917196bad7,751.55,2024-10-21,2025-05-22,Delivered
9d0b5986-ed18-4a53-a453-b8c69cc271ea,03e04f36-83b4-4400-89ce-ee4f00501a04,fbb6d0f9-30e1-464d-8e10-1bf6621f9506,166.19,2025-06-09,2025-07-13,Delivered
65420bda-05ac-414d-9070-cb2b73ce05fa,54173c79-a7e7-4f74-a3ce-0bc8ce851ca1,365f063b-7f07-47d1-bf5a-191c91725151,287.01,2025-03-20,2025-09-10,Shipped
4748a0ee-6ab2-40e3-bc5f-440081d6853e,b24a7ab1-7c88-4973-8f1c-3a72e89477c4,0b1b5b52-231c-475f-8cbd-a77f8200bdfa,258.47,2025-06-30,2025-07-30,Pending
23540443-6200-4c51-8c4f-92efb9250677,22ade201-396d-4167-8b18-6f828a4c5345,8bf0ba74-b6d4-453e-aeeb-31b6bd619aba,578.88,2025-01-30,2025-05-06,Pending
d910629d-7405-4b1c-8aea-7946d1058d7c,8d1c6428-688f-46a0-a603-2183b034cc66,fadcbf73-d529-480e-adc5-0724ed5b0682,478.95,2025-02-12,2025-07-10,Pending
50e14810-26de-4240-985f-50aa50a5d51a,270e9696-be2f-4cb5-94ea-9998996f86e2,b823f4f9-eeab-4f9e-b859-938b4ea10e6b,667.92,2024-11-27,2025-10-09,Delivered
4603f4b0-c22f-473c-b8fe-ad0188efc7d3,4437521a-e679-4882-b51e-8b7313f77025,f1469220-9647-4be6-95f9-4ec89d462208,189.12,2025-05-27,2025-08-08,Delivered
623f742b-b4ca-40c1-99da-38e8652aea9f,03e04f36-83b4-4400-89ce-ee4f00501a04,ed402f07-5f9f-4594-88d8-9dc7a861a8f2,774.42,2025-04-15,2025-09-15,Delivered
745791ca-810f-4188-9df7-2158c7e2c3af,22ade201-396d-4167-8b18-6f828a4c5345,91c983dc-c683-4c63-88bc-e43a43297ec3,407.32,2025-09-09,2025-09-28,Shipped
a7abad77-2363-441c-83cb-005a78b380d2,6b8fff38-8a2d-4922-99f3-82a0eafb1d87,eb4cfbce-933c-49be-a292-2b8e014a683d,639.53,2025-06-15,2025-10-05,Pending
d3e60e7b-d81c-4a54-840d-03e856a80a5e,78e8a29b-6e93-4863-9739-6024551d8776,4f843490-e572-4580-abf2-e3011f2dedda,231.96,2025-05-11,2025-10-23,Shipped
82647fae-a5d4-45df-9c9e-25567d8e58bd,4e4dedd0-6aa6-48a9-9688-733bb3644df8,d5794af0-f488-41ec-817c-5c4b6c962ea0,354.68,2025-06-18,2025-07-10,Delivered
361f7150-6208-4686-bc78-4ffe40cc22c2,aba3e4e6-07b1-4537-8713-81827ab2a985,bc9fc229-d392-42e8-bf06-cea67c695861,292.48,2024-10-16,2025-05-25,Pending
133c0333-a2e9-4e21-8a1b-85ab3706b87f,d36ba1c0-f2da-4a5c-a4c6-e2a3d0ba0df8,f95495b0-f546-47f4-b5d8-de5ba8d3a561,950.47,2025-05-21,2025-09-10,Delivered
aeaeb977-bb3f-4cdb-abef-02cf95828e40,03e04f36-83b4-4400-89ce-ee4f00501a04,119e4859-166b-4e69-9672-f2c0e71fe9a5,589.59,2025-06-17,2025-06-18,Delivered
6cd96c01-64bd-4bd1-9d0a-3537b4b605ff,b24a7ab1-7c88-4973-8f1c-3a72e89477c4,abd94b29-4734-45d2-8452-0e167f9ef77f,893.07,2025-08-05,2025-10-21,Pending
3ac21421-d1c0-49ac-9c72-ee80579fd25f,8d1c6428-688f-46a0-a603-2183b034cc66,f5bda340-6056-4329-a853-f9fa55aa662a,771.62,2024-12-11,2025-02-08,Pending
5a652e3c-9ff6-40f4-b220-6a4d9e66d044,8d1c6428-688f-46a0-a603-2183b034cc66,1bc5b483-ac61-4a56-ba11-0738651be861,26.27,2025-06-05,2025-08-03,Delivered
34d66a8b-1fd8-4b61-a5ee-4c7e434e4958,bef9a089-eba3-421e-b9c7-d14529ed7e83,6949f4d6-78ad-4a32-95dc-8321d4526e1c,35.82,2025-04-07,2025-07-29,Cancelled
9371f853-0b0c-40d2-9c0c-27ef8a10458c,a055bb68-0dda-4b0f-81ad-de5bb3d7b451,1374a4d3-6044-479e-b33a-c8f89d74316b,351.78,2024-11-19,2025-03-28,Cancelled
60374ac3-95ef-4607-b6f7-6b295ebd1796,0404f247-a633-4d99-94fb-577a3e3b6761,b3ecdf62-ce1a-488c-b4f3-6e5714db97d7,53.23,2025-01-13,2025-10-07,Delivered
8ca42dfa-8ef4-4549-b8b6-ce913c50d842,ebc3a61c-1df0-4ee2-8648-9edce01f087d,312f8a60-8cf2-45f3-9a8d-23d09a3be319,255.86,2025-08-01,2025-08-02,Pending
932c1e4c-9660-4e5d-a0b8-1682f929ec85,db1fa7c6-cf16-40c7-aa0c-40ddb1f446fb,61cb77cb-b01d-4f50-a696-2214ce109bca,480.93,2025-05-10,2025-08-24,Delivered
24fc05ec-3d7f-40be-8674-21ffa95c6ec8,2701204d-1b4a-4674-91fa-1c435769553c,df9b113e-45c5-40ff-b783-6adeee74a9f1,786.77,2025-08-18,2025-10-04,Shipped
e42fba0f-eb34-46db-aa3a-290466676502,8d1c6428-688f-46a0-a603-2183b034cc66,1b03ba05-7e99-4b29-9b91-060e54b540a2,534.26,2025-01-16,2025-08-16,Shipped
e4e28769-9840-4580-bc21-3299b8acf1e3,cf23c8da-b8ff-419c-b2e2-d22d2f8ccfe2,2c794151-eed1-428a-93e1-c567903df6f4,549.21,2025-04-13,2025-08-23,Shipped
9f2041ce-6cff-485e-97bc-498e401fd648,3008961b-2af3-4910-9741-ac2d84b9ffaf,f7fc37b6-a24e-415f-9a74-8e54bb187a5d,339.88,2025-07-30,2025-09-16,Shipped
986a7a4a-7273-4805-b25f-4e932ea11f12,a055bb68-0dda-4b0f-81ad-de5bb3d7b451,c8463e77-9947-4efe-8e41-b71cbf55555c,40.66,2025-01-26,2025-03-04,Cancelled
83ada8dd-e901-4014-8d65-f37ae143f883,6b8fff38-8a2d-4922-99f3-82a0eafb1d87,d69e1c44-1a59-4ff4-8cce-850087cecc48,746.96,2025-01-02,2025-06-06,Cancelled
a8b4cf2e-a62d-4c11-a705-24a9f51d087c,dd2f2249-1c1a-4155-b075-0a66c81c220b,e6e19ce7-4c15-4052-8315-bc0dc7f63604,279.16,2025-02-26,2025-05-30,Cancelled
c42dab73-d722-4a94-9411-56172a7f5ebe,22ade201-396d-4167-8b18-6f828a4c5345,78a70749-c78a-490a-851f-6fe50d0ec1ad,590.82,2025-02-06,2025-10-14,Pending
2fd97605-7d49-4829-9be9-bca1e1c96c12,c5c72eb6-2d82-449f-8bbb-75822019b959,4f843490-e572-4580-abf2-e3011f2dedda,797.17,2024-10-11,2025-07-18,Cancelled
22d0cf9c-2a6c-4389-8ec9-627ce67158a8,b6912b07-839f-41e4-86e0-0fa6d5cbefff,bb608668-6611-438c-9fbb-ead5aa53f6c5,36.99,2025-05-08,2025-08-11,Shipped
069947cb-52ad-4aa9-ad66-b74a9401eb6c,84ff03bf-27e0-4ee3-885e-fdc477623a14,e09f8225-456f-41f2-9976-315021ff7a68,329.85,2025-07-02,2025-09-01,Shipped
73b14dcf-5806-4737-a91c-bdc1787a4127,b6912b07-839f-41e4-86e0-0fa6d5cbefff,bc9fc229-d392-42e8-bf06-cea67c695861,731.47,2025-08-16,2025-08-23,Delivered
4adb18ef-dd38-4be7-959c-bd25d76b618b,cf23c8da-b8ff-419c-b2e2-d22d2f8ccfe2,b238e325-0be2-4bc3-8a4b-15fe31bb416c,871.86,2024-11-13,2025-08-02,Cancelled
9161a485-8730-491e-ae31-0a1140c7e34d,2701204d-1b4a-4674-91fa-1c435769553c,1b03ba05-7e99-4b29-9b91-060e54b540a2,858.22,2024-11-19,2025-02-20,Pending
0a96fe6a-a613-4a13-98e2-a7b449f03493,270e9696-be2f-4cb5-94ea-9998996f86e2,bc10b0a2-07e4-4083-968a-4ee360e65866,637.49,2024-11-16,2025-05-04,Shipped
3765c2a8-432f-4a89-a88d-11065726d9a8,0404f247-a633-4d99-94fb-577a3e3b6761,70e36ba6-c7b2-4b22-b7ce-bcaf68a8b345,384.73,2025-08-03,2025-08-08,Cancelled
2a0605da-718d-485d-9f52-f16b73076ea1,601cf11f-7351-4792-adf8-0e38abd04518,6a9e729d-221d-44aa-981e-486595dc3add,839.92,2025-04-04,2025-08-01,Shipped
44870650-7a1f-4401-b608-de8c743d27b2,ebc3a61c-1df0-4ee2-8648-9edce01f087d,743b261b-776d-45ef-8547-235f7914129e,376.47,2025-03-04,2025-09-07,Delivered
980b7ac5-f965-4d00-85fa-85653057ae7d,0c4e45ba-ca8c-4473-ba66-c17bbdd102a8,4cf3d324-fbed-423d-b936-87a6ff8d2adb,116.34,2024-10-03,2025-03-12,Cancelled
cb6fe21d-8267-43f5-89a2-d7aa5235145b,dd2f2249-1c1a-4155-b075-0a66c81c220b,ae7b7d20-ba3d-48d5-922b-f73d9ba3521f,256.17,2024-12-06,2025-09-16,Pending
1a2221cf-4419-429b-9820-982e2711346e,fdfabe8d-91ba-4e3e-85c2-ef73c550fec6,d4c76546-d196-464f-b5a2-e38dfb27462b,505.27,2025-02-13,2025-07-05,Delivered
5b429c5f-2d55-4ddb-8ae1-29189562ef7c,54173c79-a7e7-4f74-a3ce-0bc8ce851ca1,1012f424-0eb8-4b4b-a70f-00d3a5107ee5,575.05,2024-11-21,2025-04-03,Shipped
db31a149-725e-47d0-ac45-d74d5fd36045,dc45c5c1-c924-49a2-849c-3c90f9eb46ff,dc99ad98-bdbc-440b-8ebd-fd8920e20715,313.25,2025-04-28,2025-07-04,Delivered
51d2bb3b-8169-4721-8210-144b075cf30f,c0b3cb94-33aa-44a3-8fb0-9429c44cdd8b,7968e8a8-ea7e-420e-a1eb-a5eb3c3838e5,772.22,2025-06-20,2025-08-15,Shipped
5b1958e5-edfd-4ec1-96c2-01fdaf7a96a5,d36ba1c0-f2da-4a5c-a4c6-e2a3d0ba0df8,1012f424-0eb8-4b4b-a70f-00d3a5107ee5,841.07,2024-12-11,2024-12-25,Delivered
a0cdae35-5f9f-4e58-8104-b9e81c96ba1e,b7b14e29-5f86-4dc3-8ef9-f7bbc3d530c3,d866c74c-224a-4e39-9c87-85ae936eeda1,882.69,2024-11-19,2025-07-13,Cancelled
114cb82f-2cff-49e5-ad6c-7bc5a89be549,0404f247-a633-4d99-94fb-577a3e3b6761,46c919e1-f833-4187-a6fe-6569bf51e4dc,793.46,2025-08-16,2025-09-05,Delivered
33a230e2-3415-4f09-8683-6945ff585cf7,7f87fe1a-d3d5-4a52-b3cd-47fd50df7a74,b823f4f9-eeab-4f9e-b859-938b4ea10e6b,14.02,2025-06-17,2025-06-29,Cancelled
647905d3-aa0b-4316-be5f-a69ba2e09f56,03e04f36-83b4-4400-89ce-ee4f00501a04,0e7a1320-fb95-4c32-a29a-fcd9984b0959,662.07,2025-08-15,2025-09-15,Cancelled
97c140c3-85e5-4655-a085-5a8f1efc6166,601cf11f-7351-4792-adf8-0e38abd04518,2bd8c6d6-5496-48dd-9869-8d8173cfdf2a,715.15,2024-09-28,2025-04-04,Cancelled
38f7452b-c093-46e9-bc0f-ebf2b68b6ba2,270e9696-be2f-4cb5-94ea-9998996f86e2,43806974-65c8-46d2-a974-04715488396e,944.73,2025-07-05,2025-08-14,Delivered
33118944-2e02-4ce0-b698-fc50284e79c2,b6912b07-839f-41e4-86e0-0fa6d5cbefff,5b4a9d8b-9e1c-4298-ab0c-428e16cb1acd,29.91,2025-05-10,2025-06-26,Delivered
186b1bf2-4352-499a-8bb1-114292ae3466,59bcb527-08fd-4d2c-9903-761f584eaf1a,bc10b0a2-07e4-4083-968a-4ee360e65866,729.81,2025-04-11,2025-06-07,Cancelled
22107039-c712-41c7-8bc7-f0ca5a54e5a2,6b8fff38-8a2d-4922-99f3-82a0eafb1d87,98047c4b-a915-4a20-967c-409ea96db666,169.08,2024-09-27,2025-07-24,Delivered
49e7c7f2-68bf-4ffa-b260-a5b496d6db39,59bcb527-08fd-4d2c-9903-761f584eaf1a,78a70749-c78a-490a-851f-6fe50d0ec1ad,828.18,2025-08-10,2025-08-11,Cancelled
4d1c30a3-13c3-450e-8ed5-732c0273b2fb,59bcb527-08fd-4d2c-9903-761f584eaf1a,1012f424-0eb8-4b4b-a70f-00d3a5107ee5,905.49,2025-03-19,2025-07-14,Shipped
d51bf106-8c17-4a10-90eb-cc790c4d57ae,e102c1e4-ca3d-454a-b904-c9202c073527,3858c8b1-5ba5-4cd5-b951-a81701fe52c6,375.63,2025-02-21,2025-09-11,Pending
b2af46f8-c7ce-42f3-93ad-ecc2944ddbca,8d1c6428-688f-46a0-a603-2183b034cc66,729f77ca-519f-4ad4-a078-21189644980a,130.56,2025-05-27,2025-09-05,Delivered
3901b4f2-4f27-4909-8778-e9be1ee69dff,7f87fe1a-d3d5-4a52-b3cd-47fd50df7a74,f3cea09b-80c7-457e-b1a3-5c1a6df41451,322.76,2025-06-26,2025-08-21,Delivered
8f85c028-e6d1-447e-9017-023e2193f3e6,811d3524-de63-41d6-9fc7-e1c7dd7ba3b9,f65fd0cc-539f-45ca-9ecc-4769801e37c9,500.62,2025-07-25,2025-08-13,Cancelled
462b1a5f-227f-4e24-adab-683ea26a83ee,caef2dbe-c796-42c0-8860-08d7cecaadd3,0b1b5b52-231c-475f-8cbd-a77f8200bdfa,118.16,2024-09-28,2025-08-11,Shipped
8420ea31-034d-45e2-a0e3-b9c63358fb3e,59bcb527-08fd-4d2c-9903-761f584eaf1a,743b261b-776d-45ef-8547-235f7914129e,201.52,2024-12-30,2025-09-02,Pending
08255706-9e38-495b-9f68-ce2f0281401a,8d1c6428-688f-46a0-a603-2183b034cc66,4cf3d324-fbed-423d-b936-87a6ff8d2adb,485.53,2025-07-25,2025-07-30,Shipped
f4b460ec-e79e-4bff-9ae9-3269e4df4dd9,88ff4f12-19b5-4d52-92e9-4405a06d469e,a4264ed9-c68c-42f2-9051-bf0adf11d370,496.66,2025-03-13,2025-06-28,Pending
f9932dea-3be0-45c4-8704-73f967a6769d,54173c79-a7e7-4f74-a3ce-0bc8ce851ca1,0950260f-07de-4037-81b0-19023c1e0493,810.85,2025-02-07,2025-06-15,Cancelled
e85c3927-640b-428f-bd1c-13de7e32fa34,61bc789b-8cdf-4f37-a19f-2a879655f655,12389105-1d06-4240-95b1-cea911ae862c,987.49,2024-11-27,2025-09-10,Cancelled
f475c567-bce5-45c3-ae23-4127ca772d7c,bd5ce57f-e5d4-4b65-a1d4-63410159c05f,a07f82cf-f30f-46a1-854d-2d1667e41b4e,331.2,2025-07-09,2025-07-15,Pending
6479cf91-5bba-4a2c-b395-646bc2f329c0,db1fa7c6-cf16-40c7-aa0c-40ddb1f446fb,d4c76546-d196-464f-b5a2-e38dfb27462b,226.54,2024-12-06,2025-02-10,Cancelled
06d485cc-203b-490d-b03c-aaa027725c94,59bcb527-08fd-4d2c-9903-761f584eaf1a,4413ceb9-0478-470b-8b28-243196213d2c,679.52,2025-03-20,2025-06-01,Pending
99a513bc-0aef-44c1-b639-bd764d886a1c,6b8fff38-8a2d-4922-99f3-82a0eafb1d87,6b14fc1a-868d-4877-b397-78db8d874d82,876.4,2025-09-14,2025-10-04,Shipped
04030f13-3a3a-4485-b360-0cbc111a4de1,03e04f36-83b4-4400-89ce-ee4f00501a04,17cdc144-7478-47bc-bf05-91d9702c766f,472.44,2025-03-24,2025-09-14,Pending
2246cb21-a736-4e03-8c9a-c21fcea47996,71b89c49-f8cb-4c93-b317-63bd23c98406,57096839-d14c-41ee-951b-66d6cb71af84,600.54,2025-04-19,2025-06-10,Pending
ba1b9d94-4246-419b-af58-34bfe5770b75,b7b14e29-5f86-4dc3-8ef9-f7bbc3d530c3,8773a5c7-ba68-444f-83d1-2ab671d3d5d2,986.86,2025-07-12,2025-07-29,Delivered
b218d719-4ade-4953-b3ea-3c3f105b862f,dd2f2249-1c1a-4155-b075-0a66c81c220b,6ddefdea-ec11-44ac-91e0-957995dff56c,243.14,2024-12-26,2025-02-01,Pending
243a90eb-c5c2-4e56-8aa4-11854d1fd07e,aba3e4e6-07b1-4537-8713-81827ab2a985,0e6ad7cf-953a-4800-86dd-075f9ffbde83,243.19,2024-10-22,2025-02-05,Cancelled
773faefb-9e1a-4d1d-963d-cba44f069a09,c0b3cb94-33aa-44a3-8fb0-9429c44cdd8b,f8f0511e-d209-4fcd-824f-1b5eb851b2b7,348.76,2025-01-06,2025-06-26,Shipped
efbf7413-de49-4719-badb-ccc33c22018d,caef2dbe-c796-42c0-8860-08d7cecaadd3,774e2e23-36ab-4545-98f1-d030f72dc2e3,632.11,2025-07-24,2025-08-01,Shipped
51d2925a-59cc-463d-9412-9c6f4755463f,bc77ddcb-3258-4c06-9f0e-0880a1dca044,b238e325-0be2-4bc3-8a4b-15fe31bb416c,741.4,2025-03-13,2025-04-23,Pending
a105df40-8588-48f7-a414-ea6cbf475918,e102c1e4-ca3d-454a-b904-c9202c073527,13ca30e7-a635-4d9c-b764-e9d0278d2259,839.54,2025-09-17,2025-10-11,Cancelled
5fc39f31-328d-4f8b-83ce-58ded1923a30,811d3524-de63-41d6-9fc7-e1c7dd7ba3b9,85cb0d59-b629-4312-ad38-73d241c7c06b,292.2,2025-07-16,2025-10-03,Shipped
a725f33f-04d3-46d8-a7ff-012d046b6c00,0c4e45ba-ca8c-4473-ba66-c17bbdd102a8,2f348877-16a9-4997-bd50-f6648c7342fb,426.82,2024-10-05,2025-04-19,Pending
25d4b728-1c68-47dd-b448-c6eda9c67290,0c4e45ba-ca8c-4473-ba66-c17bbdd102a8,29cbb049-f81c-4447-931d-dc5dbe188bbc,177.15,2024-10-18,2025-02-19,Pending
b62d0604-c932-42d5-908d-b144ffa81612,c5c72eb6-2d82-449f-8bbb-75822019b959,38f8f478-b5b0-4d8a-a30d-68fb4509d4ad,301.38,2024-11-27,2025-09-19,Shipped
213f4445-1f6f-43e9-994e-0f4ad52a95b5,0404f247-a633-4d99-94fb-577a3e3b6761,91b423d6-f752-40b7-a276-a614375ca1b1,15.2,2025-05-27,2025-08-02,Shipped
ace0556f-fc47-4258-8d83-1b794cabdf9b,e102c1e4-ca3d-454a-b904-c9202c073527,f3a6ec3f-c85b-4e29-baa1-fc581817b468,667.04,2025-02-27,2025-10-07,Delivered
69e55343-2789-4b14-8489-19b9fb3d62fc,3008961b-2af3-4910-9741-ac2d84b9ffaf,c8463e77-9947-4efe-8e41-b71cbf55555c,234.77,2025-01-18,2025-03-11,Cancelled
c6c241fe-ee7b-4865-aea6-2886bbf19794,db1fa7c6-cf16-40c7-aa0c-40ddb1f446fb,fbcdd9fe-cdb6-4c0f-800f-6c41e4eacd82,787.73,2025-03-15,2025-08-28,Shipped
d44c20c4-a8d0-40b2-a0ac-93849836ddaa,dd2f2249-1c1a-4155-b075-0a66c81c220b,4f843490-e572-4580-abf2-e3011f2dedda,934.14,2025-02-18,2025-04-08,Delivered
cecfdf53-df2f-4089-a55b-86e8edaa5b25,d67acfae-9273-422c-93e5-6a353dfc0b57,abd7ddf2-f756-4133-b180-6864fdebfc68,695.0,2025-06-25,2025-08-09,Shipped
69628d2a-7093-475d-872e-b6a4482bc6f7,a055bb68-0dda-4b0f-81ad-de5bb3d7b451,95863774-58ea-4f53-805d-87801200b6d9,980.6,2025-09-08,2025-10-05,Pending
07e2b28d-3e26-4506-b4ca-62f0bca843ab,601cf11f-7351-4792-adf8-0e38abd04518,f7cee63d-33f6-40fb-9a06-04b3b994b0f5,671.48,2025-05-12,2025-08-23,Delivered
35365e61-f3ff-4679-870a-bb19ea029095,84ff03bf-27e0-4ee3-885e-fdc477623a14,b823f4f9-eeab-4f9e-b859-938b4ea10e6b,71.72,2024-12-05,2025-06-18,Shipped
